qS1,qS2B,qS2,x,y,z,t,set_label
29.170927,880.2754,2450.4084,1.3601167,-392.36908,-524.7081099534284,2020-11-28 16:25:10.792881428+00:00,run0_set1
34.861824,510.9322,1769.8976,-169.28802,-70.087616,274.127266381214,2020-11-28 16:41:52.496026112+00:00,run0_set1
25.282753,521.5064,1802.746,172.23207,-96.519684,-232.1237404817648,2020-11-28 20:17:45.902380984+00:00,run0_set1
13.510272,602.7261,2051.2385,130.77742,-44.54514,-484.89241920151176,2020-11-28 21:20:33.000989168+00:00,run0_set1
6.732988,387.8159,1240.744,130.87297,273.87238,-239.07587528221143,2020-11-28 22:50:20.191492900+00:00,run0_set1
2.4951768,184.27669,588.9234,-106.81028,387.39838,56.28577986251344,2020-11-28 23:01:13.975333168+00:00,run0_set1
19.84639,604.1231,2328.7744,342.3685,-172.67343,434.91248149231393,2020-11-29 00:48:56.274429268+00:00,run0_set1
44.079124,620.95636,1979.496,317.47,-327.21765,132.27754930657449,2020-11-29 05:46:46.540069504+00:00,run0_set1
26.429718,857.54065,2746.2297,-258.08246,-351.8872,123.69591498917111,2020-11-29 07:35:08.831721464+00:00,run0_set1
36.839394,796.02686,2707.5166,86.92121,443.35696,87.16301158528415,2020-11-29 13:23:27.312028788+00:00,run0_set1
30.547071,714.9453,2380.1492,127.3998,108.323326,295.7805793054452,2020-11-29 14:02:34.256423444+00:00,run0_set1
15.076878,387.64075,1363.0817,206.71706,17.218891,98.75386763838122,2020-11-29 14:08:35.707991208+00:00,run0_set1
70.30676,1065.088,3287.841,-266.42145,165.94351,-365.986531091905,2020-11-29 16:38:16.494488972+00:00,run0_set1
54.480724,795.3593,2644.2617,325.57916,-109.03837,-14.335777669825347,2020-11-29 19:14:40.655505196+00:00,run0_set1
45.00724,541.57513,1897.1736,-161.56374,-189.84483,442.50690077389686,2020-11-29 20:04:16.456573764+00:00,run0_set1
74.76299,1431.2886,4419.412,-10.513885,191.12616,-508.38932646974513,2020-11-29 20:10:30.333917776+00:00,run0_set1
124.55825,1413.9625,4202.657,-41.64208,-306.7837,-457.38718100470624,2020-11-29 21:05:52.494123816+00:00,run0_set1
55.95168,911.7523,2892.9402,427.71216,-73.06,175.04893808742338,2020-11-29 21:06:58.989900284+00:00,run0_set1
4.3628287,240.87459,1042.4757,470.0837,-141.42372,-255.8050071843984,2020-11-29 22:05:06.066349252+00:00,run0_set1
56.80107,859.9242,2622.7341,-104.63631,358.14993,-340.61629408702447,2020-11-30 01:22:17.209660696+00:00,run0_set1
4.3345857,345.18027,1054.4386,-321.3846,214.27539,-242.51923375052502,2020-11-30 06:34:15.275741352+00:00,run0_set1
8.9849615,281.31815,1025.5548,-300.43774,-330.28348,289.94054818992885,2020-11-30 09:28:12.013076580+00:00,run0_set1
79.66409,977.75214,2931.0496,99.64651,-85.67245,-538.8799980881286,2020-11-30 09:52:34.132365716+00:00,run0_set1
77.83556,1220.0599,4085.594,148.52301,-274.71643,-83.98796140193076,2020-11-30 10:12:38.947632400+00:00,run0_set1
15.721164,527.7411,1620.4761,132.56012,-114.68058,-543.0489001369849,2020-11-30 10:16:05.934117760+00:00,run0_set1
20.507435,577.4669,1854.8834,-76.761734,-112.66058,73.8891323084689,2020-11-30 11:31:16.071335424+00:00,run0_set1
22.610508,433.64072,1212.2203,70.812584,335.82974,-94.60944365479452,2020-11-30 11:35:20.956256643+00:00,run0_set1
60.506474,1004.29987,3318.8435,335.70004,-313.5089,-271.4934003440035,2020-11-30 12:46:38.368098792+00:00,run0_set1
21.387169,759.07104,2306.532,179.82753,-81.09105,239.86879133691411,2020-11-30 16:01:20.253721108+00:00,run0_set2
123.39765,1352.4751,4326.3477,147.26994,-36.18592,442.1195525942004,2020-11-30 16:54:50.568398912+00:00,run0_set2
64.69855,1020.00397,3237.5376,399.7089,-77.58739,-259.074546263603,2020-11-30 18:09:31.628553320+00:00,run0_set2
30.091845,705.4798,2312.5237,356.202,23.18773,-486.66924667002104,2020-11-30 22:58:17.793623728+00:00,run0_set2
41.240788,476.75592,1604.3855,463.9803,-27.684475,72.49392960609464,2020-12-01 00:03:25.054385612+00:00,run0_set2
49.67022,1039.4148,3541.395,202.51013,-347.2583,-430.4554234805705,2020-12-01 02:08:20.692020816+00:00,run0_set2
16.436836,637.5861,2220.519,-412.41037,-12.657524,365.9286727672078,2020-12-01 02:14:30.519838380+00:00,run0_set2
17.178146,845.8125,2729.5566,206.4272,-317.2232,467.73448690857174,2020-12-01 03:55:04.606056020+00:00,run0_set2
4.258273,591.7577,1449.6136,-80.48748,-98.023865,-66.24970379725357,2020-12-01 05:36:29.208855736+00:00,run0_set2
34.081257,921.01385,2967.389,-412.3972,33.519623,62.661518067298516,2020-12-01 07:57:32.880613476+00:00,run0_set2
27.08692,626.48975,1840.7341,8.8098345,-225.9666,-40.62887828363796,2020-12-01 09:40:50.502022596+00:00,run0_set2
42.266838,1620.5607,5009.8794,75.72551,-31.251816,500.230341940327,2020-12-01 11:50:39.654563612+00:00,run0_set2
32.080086,649.1105,1907.9504,277.106,-49.51111,-95.49361684613552,2020-12-01 12:43:26.330954200+00:00,run0_set2
6.1862464,333.06305,1153.8063,-14.430025,320.76303,-4.174137359688984,2020-12-01 13:35:24.436073280+00:00,run0_set2
109.6019,1647.255,5683.4805,-206.91562,-322.16653,-413.45342246141786,2020-12-02 00:01:23.776410028+00:00,run0_set2
67.68123,1277.478,4111.645,142.58975,-328.23593,506.85204989096025,2020-12-02 02:44:23.730982876+00:00,run0_set2
7.2014856,532.0323,1758.872,451.873,-13.312964,-247.78700851145572,2020-12-02 07:20:48.399559448+00:00,run0_set2
77.37054,1431.3351,4008.4382,-98.77435,-69.655914,326.09238347701034,2020-12-02 09:36:59.352286676+00:00,run0_set2
84.02322,1008.7517,3379.1418,-422.64877,118.56029,-78.62122221035838,2020-12-02 10:44:22.248731768+00:00,run0_set2
86.344666,1410.4608,4398.5728,252.75735,95.980576,15.879504868029358,2020-12-02 11:23:34.865252712+00:00,run0_set2
47.52314,717.74036,2214.664,119.79904,-112.452545,-219.79792090161732,2020-12-02 14:18:23.062289200+00:00,run0_set2
12.958702,386.5963,974.5214,-14.809852,459.22064,-399.1554818954153,2020-12-02 16:05:29.588255496+00:00,run0_set2
5.7943616,319.0479,1051.5807,-299.23904,328.95605,154.0811479408988,2020-12-02 18:08:36.716068372+00:00,run0_set2
110.34671,2119.7214,6277.233,-21.997217,459.42136,-74.97456987811461,2020-12-02 18:49:44.938041704+00:00,run0_set2
27.026884,771.3982,2513.3147,-410.90674,2.0555968,-433.1477015352318,2020-12-02 21:14:40.697871224+00:00,run0_set2
3.1862223,432.95047,1241.8219,-20.186245,30.3964,175.47798359632583,2020-12-02 21:44:44.937524872+00:00,run0_set2
26.997227,748.69855,2522.2017,191.77171,-141.07364,315.37629205156384,2020-12-02 22:38:45.722550308+00:00,run0_set2
76.88135,1540.1278,4683.6733,46.449562,268.63165,108.70713136102586,2020-12-03 00:42:52.672026840+00:00,run0_set2
30.047457,849.9429,2820.3447,70.85332,-289.93738,103.952933570847,2020-12-03 00:53:12.944739356+00:00,run0_set2
61.368896,1340.1893,3527.3093,231.81273,264.49362,-285.97376201323925,2020-12-03 01:49:17.234299408+00:00,run0_set2
18.109287,439.37708,1518.8558,-225.89401,-154.53279,227.43246973212166,2020-12-03 13:18:05.174416288+00:00,run0_set2
12.275867,835.06903,2755.5972,-494.243,52.316315,418.2484132561525,2020-12-03 13:51:58.618862516+00:00,run0_set2
24.767727,683.86475,1982.1191,-260.0877,163.78201,-1.6468128838690745,2020-12-03 14:25:43.803740580+00:00,run0_set2
38.64183,710.99207,2190.2532,-227.48581,394.74374,-461.4372403065315,2020-12-03 18:30:19.105521328+00:00,run0_set2
31.961504,949.27637,3315.7124,0.18736845,227.03127,359.3953328052396,2020-12-03 18:36:49.513475024+00:00,run0_set2
27.620499,925.5678,2940.1367,-50.33208,160.70009,363.9904682158214,2020-12-03 22:28:00.747640300+00:00,run0_set2
51.891605,952.87054,2897.11,-135.29825,-200.31064,-239.84567193009138,2020-12-03 23:06:59.421588712+00:00,run0_set2
116.06548,1561.1788,4450.431,-39.284206,-300.55823,-401.1113600445349,2020-12-03 23:38:21.026658772+00:00,run0_set2
46.058506,1055.8589,3201.2515,333.32812,-148.0444,-506.4577849317443,2020-12-04 01:07:19.646340360+00:00,run0_set2
32.024765,954.61414,3324.402,166.63239,51.19019,-180.1148027917725,2020-12-04 01:18:54.343405800+00:00,run0_set2
53.927837,1145.412,3657.8398,-103.42493,352.66068,-13.223019398988527,2020-12-04 02:38:45.120795952+00:00,run0_set2
2.4324958,409.87772,1189.8663,354.0498,-35.666634,-296.59559425077646,2020-12-04 03:07:11.531162920+00:00,run0_set2
31.400642,887.2687,2734.31,-37.820004,222.38785,172.76214074468703,2020-12-04 06:14:31.657687768+00:00,run0_set2
13.247299,603.5334,1391.7241,-115.442955,-41.93255,-74.73303070909685,2020-12-04 11:27:40.810961588+00:00,run0_set2
11.160062,310.48206,989.1061,-71.38649,168.70186,-280.9956986517757,2020-12-04 14:34:42.490539260+00:00,run0_set2
48.48347,945.9312,2934.4578,-410.79703,298.06494,-368.02049388910166,2020-12-04 15:17:52.075337012+00:00,run0_set2
42.761627,781.4788,2353.8635,306.15628,140.43974,-306.15111942508884,2020-12-04 16:54:55.187110480+00:00,run0_set2
58.405907,1467.3541,4938.151,-356.422,-203.09946,384.68035996192805,2020-12-04 21:13:09.132062616+00:00,run0_set2
79.596405,960.53925,3104.8945,-229.83104,43.15809,-55.23905240959027,2020-12-04 23:15:26.935844168+00:00,run0_set2
29.264492,927.59674,2838.9546,-256.24692,-191.72766,57.94855867183014,2020-12-04 23:29:34.175722140+00:00,run0_set2
54.900913,1041.029,2843.8093,-291.19492,-186.06143,-511.25911231587816,2020-12-05 05:03:52.323578148+00:00,run0_set2
17.936817,512.79584,1633.9459,354.59247,104.861374,318.9758147898529,2020-12-05 07:01:02.917229620+00:00,run0_set2
3.9806175,162.49823,798.00476,-16.74059,359.5104,423.36786539948014,2020-12-05 08:13:25.875792116+00:00,run0_set2
11.463014,449.81934,1381.6383,175.43515,243.249,489.64974809750026,2020-12-05 10:04:26.751662700+00:00,run0_set2
73.92968,1221.0792,3729.1243,127.73541,-237.9553,-419.69220246116936,2020-12-05 10:16:34.586264932+00:00,run0_set2
26.928312,657.0618,2186.8276,129.15556,181.96106,-294.06826977495643,2020-12-05 13:17:36.727550776+00:00,run0_set2
83.20401,1532.7334,4355.78,20.138374,209.7317,-523.389091559965,2020-12-05 14:05:50.582695384+00:00,run0_set2
17.651083,599.71936,2335.989,-474.2115,-105.59473,373.26910702565,2020-12-05 14:25:41.150161244+00:00,run0_set2
49.965446,916.594,2710.998,-329.1701,-15.018334,-370.0824136246191,2020-12-05 17:46:44.989865388+00:00,run0_set2
44.499447,731.7502,2221.415,223.33788,179.685,-340.3907694331675,2020-12-05 17:55:04.603145004+00:00,run0_set2
72.40122,1123.7183,3671.3003,-161.15614,-463.79788,-22.077491863225077,2020-12-05 18:53:30.332415096+00:00,run0_set2
63.918087,1003.3337,3158.5898,181.75917,-271.00064,385.2282414916514,2020-12-05 20:15:25.795944224+00:00,run0_set2
27.481508,604.064,1757.8928,322.2856,-103.89646,156.00757009379652,2020-12-05 22:08:40.684954988+00:00,run0_set2
47.37002,844.62244,2789.1487,-242.18246,372.68466,257.7485810434727,2020-12-06 01:44:39.407233732+00:00,run0_set2
19.291683,574.8622,1786.5826,-332.64078,-272.9174,-263.8169616552932,2020-12-06 02:36:06.308803640+00:00,run0_set2
30.072756,683.2974,2430.4363,-479.41318,3.581034,-376.6216447858317,2020-12-06 04:57:48.678695380+00:00,run0_set2
8.911351,346.04553,1034.2404,217.65334,180.0544,410.3011854755438,2020-12-06 05:18:38.881144972+00:00,run0_set2
77.84716,1128.4183,4024.2686,-206.45876,-242.50839,269.24820196841586,2020-12-06 06:40:46.182454764+00:00,run0_set2
91.40113,1369.1096,4307.4707,-293.39243,-386.35446,-404.6696443881135,2020-12-06 08:19:36.381891852+00:00,run0_set2
30.56321,746.7404,2293.858,174.8653,-164.37167,-99.83543068921085,2020-12-06 08:32:55.239751416+00:00,run0_set2
27.295223,562.1828,1699.6631,-334.51596,48.736443,-100.51880980155374,2020-12-06 10:37:07.299956616+00:00,run0_set2
27.493633,432.90475,1438.1188,-312.2529,-158.41202,-342.7354667324131,2020-12-06 10:57:20.745656244+00:00,run0_set2
42.588516,653.3893,2113.0847,-92.85552,-280.55786,-87.13400511842337,2020-12-06 11:51:44.319842436+00:00,run0_set2
9.407457,546.52655,1667.5417,-390.00568,-74.16906,-307.5060952512862,2020-12-06 16:37:01.638826676+00:00,run0_set2
27.107462,597.7773,2110.1948,-165.62103,101.385544,92.12340548822107,2020-12-06 17:20:12.876222920+00:00,run0_set2
16.237236,547.90485,1846.7979,155.79424,-37.727962,-42.34910846298385,2020-12-06 17:23:37.838144724+00:00,run0_set2
39.075817,708.4141,2474.6013,235.175,164.56248,504.1420982385659,2020-12-06 18:12:36.087772880+00:00,run0_set2
42.49583,880.58655,2490.3289,202.64807,86.48438,-60.78856209775438,2020-12-06 18:21:53.266898032+00:00,run0_set2
8.837901,555.62665,1815.5886,-199.00526,349.4042,-67.71661240909305,2020-12-06 18:27:08.995951940+00:00,run0_set2
34.53228,1053.8591,3395.7107,-77.99962,210.04868,263.80473386664977,2020-12-06 19:50:50.133616216+00:00,run0_set2
13.407091,542.6569,1726.1593,-429.72028,189.68678,-67.53987643176299,2020-12-06 22:20:57.888471728+00:00,run0_set2
7.0700097,395.50845,1304.2064,-76.67628,312.71558,219.1730083915631,2020-12-07 05:12:30.587628860+00:00,run0_set2
56.31791,1334.2699,4106.4673,359.39822,-205.76869,235.18528793766728,2020-12-07 07:01:32.258883480+00:00,run0_set2
26.577705,621.2759,1927.416,246.3255,-126.17328,-301.2025120598471,2020-12-07 09:45:00.870761676+00:00,run0_set2
29.421965,703.4498,2202.344,307.1414,-66.8395,-520.2549735619787,2020-12-07 11:40:03.265891076+00:00,run0_set2
72.24767,1048.7487,3161.107,171.64192,-325.42685,97.62578558243058,2020-12-07 12:35:53.861482152+00:00,run0_set2
58.9801,1018.6759,3271.4043,268.35684,-195.7077,282.9334578130075,2020-12-07 19:19:05.294394116+00:00,run0_set2
12.228704,472.37036,1678.9548,-462.0672,-57.749184,433.3416657201403,2020-12-07 22:15:44.402953608+00:00,run0_set2
18.804152,493.5374,1607.0813,-424.82516,-112.78661,185.07474716534858,2020-12-08 01:22:55.514007144+00:00,run0_set2
15.882409,454.9333,1265.6761,-273.08075,-227.71387,-367.11324920547383,2020-12-08 07:05:57.975414136+00:00,run0_set2
61.43122,1179.6282,3453.0813,-236.88608,-272.9449,-508.07197352469234,2020-12-08 07:18:53.095557620+00:00,run0_set2
80.84146,1080.1039,3206.3613,266.3703,242.08817,-317.21479160595106,2020-12-08 07:35:31.830488700+00:00,run0_set2
6.7661023,522.06836,1756.0271,330.8751,-40.790356,154.55833507968998,2020-12-08 07:58:34.339014732+00:00,run0_set2
9.195038,498.24875,1503.7014,-374.16547,135.10484,-485.5734836105746,2020-12-08 16:08:12.051363956+00:00,run0_set2
45.755283,743.2296,2158.1606,84.15024,252.66034,-339.3303535691872,2020-12-08 16:30:08.880515499+00:00,run0_set2
91.08386,1169.5533,3773.38,-266.4853,-69.81341,460.56489742821526,2020-12-08 19:13:20.720958024+00:00,run0_set2
8.07456,385.88806,1320.4875,230.23428,-313.74905,-34.81426462947866,2020-12-08 19:19:50.096372616+00:00,run0_set2
97.066956,1232.8004,3660.4963,420.75842,79.31159,506.16867077861735,2020-12-08 20:19:34.968612436+00:00,run0_set2
26.797308,456.15405,1427.7008,301.1421,-207.7769,-511.01757314686006,2020-12-08 22:22:56.999342576+00:00,run0_set2
84.01022,1616.7904,4619.5684,-331.68436,133.71443,-22.260119039799406,2020-12-08 23:05:20.679000320+00:00,run0_set2
59.56687,1116.5511,3487.523,-200.0447,419.31723,-338.98866401301575,2020-12-09 00:36:43.323170252+00:00,run0_set2
20.902283,560.7984,1912.369,-207.75934,-92.540245,16.321344811354606,2020-12-09 04:29:27.579096500+00:00,run0_set2
16.103466,380.73196,1295.8264,-134.31317,176.94382,383.6906384888797,2020-12-09 08:00:48.196438352+00:00,run0_set2
46.51612,756.81067,2584.9597,-222.47934,-279.49292,255.11521498125467,2020-12-09 10:48:18.126866552+00:00,run0_set2
20.018457,546.57117,1653.8947,-234.30176,-376.5014,-307.0112345147619,2020-12-09 11:33:35.873173492+00:00,run0_set2
104.132454,1635.5184,4680.9224,-157.79567,4.848715,-104.21259172775228,2020-12-09 12:50:35.360644952+00:00,run0_set2
73.565895,1314.6439,4179.426,346.99966,103.45046,189.51082019633327,2020-12-09 13:52:32.662345920+00:00,run0_set2
67.948074,1225.8566,3871.1208,273.6062,31.157793,-80.79507473151818,2020-12-09 17:58:00.645905276+00:00,run0_set2
34.842716,791.93115,2271.5093,-190.76672,45.15047,-516.8616427972413,2020-12-09 19:11:58.325256324+00:00,run0_set2
125.90572,1928.2163,5977.0435,87.92214,-100.28537,114.76917538344719,2020-12-09 23:29:15.728510988+00:00,run0_set2
16.89156,628.2552,2017.1648,451.97992,-98.726715,-436.5704882961911,2020-12-10 02:00:00.337287748+00:00,run0_set2
127.69145,1662.2195,5159.1265,152.72862,208.44168,358.50576171934495,2020-12-10 02:02:39.573544420+00:00,run0_set2
40.295197,814.3529,2850.8093,285.0555,-343.4065,-73.6785060443608,2020-12-10 02:10:30.903307652+00:00,run0_set2
19.355488,621.1995,1973.5651,14.168005,-111.30746,-334.89428053820245,2020-12-10 06:51:18.149227264+00:00,run0_set2
11.062594,568.3937,1659.1042,306.3709,-238.0177,-442.9035274838516,2020-12-10 06:53:26.078997912+00:00,run0_set2
17.841541,615.0435,2002.0872,326.91168,-221.38815,-385.62928843042084,2020-12-10 09:25:49.469600764+00:00,run0_set2
61.647724,903.2966,2836.224,-11.93964,-238.51439,-539.678257470553,2020-12-10 10:48:51.992484632+00:00,run0_set2
63.48304,1070.4569,3467.738,-228.84575,-127.956825,26.613269891208915,2020-12-10 12:56:11.233698676+00:00,run0_set2
29.26392,701.4498,2188.0735,99.5935,93.07784,363.3306539004558,2020-12-10 14:15:07.231588096+00:00,run0_set2
31.947388,722.8055,2123.5159,-296.91467,119.31957,-276.26506565857426,2020-12-10 15:08:26.327122108+00:00,run0_set2
6.206679,366.42636,947.99945,358.9348,281.0437,46.325222562755926,2020-12-10 17:09:16.822243976+00:00,run0_set2
5.3596497,383.0997,1197.8926,99.06825,229.59692,106.3329780655585,2020-12-10 18:31:43.120643108+00:00,run0_set2
33.604507,912.7781,2902.036,345.27158,78.835396,-396.26879426569076,2020-12-10 19:40:12.938465868+00:00,run0_set2
33.898727,971.8067,2991.732,478.4399,116.33629,479.2458902320035,2020-12-10 22:17:48.385486608+00:00,run0_set2
34.155426,651.513,2042.2548,78.0864,-245.21272,-97.9031173370688,2020-12-10 23:54:57.590539184+00:00,run0_set2
29.235254,519.04565,1633.0663,445.6689,-213.48677,143.43575090638438,2020-12-11 05:04:14.093201400+00:00,run0_set2
62.87442,821.61224,2388.2908,58.691822,-303.2071,-467.28130995691254,2020-12-11 05:17:32.540902928+00:00,run0_set2
44.446037,864.7959,2770.6628,-237.29733,143.9101,-229.5773116472143,2020-12-11 05:24:48.059697672+00:00,run0_set2
26.691116,820.9257,2322.2,380.35278,-92.22881,-278.8925405215481,2020-12-11 09:56:11.392382080+00:00,run0_set2
6.064993,426.7618,1286.0454,-304.55673,-124.45025,-223.85106598172013,2020-12-11 10:03:32.661076500+00:00,run0_set2
29.161858,684.80524,2438.2458,-151.8533,-213.98645,111.44064781039754,2020-12-11 10:21:20.096295896+00:00,run0_set2
6.8479395,321.51697,1004.2923,-283.4517,-58.910755,-37.91303543199922,2020-12-11 10:44:42.764875340+00:00,run0_set2
54.7339,1026.8297,3346.3157,-436.1124,-66.21975,-256.87712894546576,2020-12-11 16:08:11.380793432+00:00,run0_set2
11.429159,441.71518,1329.4592,194.56895,-17.505709,-550.1763745239591,2020-12-11 16:32:05.263910416+00:00,run0_set2
48.57404,1134.231,3370.7532,283.0143,-273.40585,-88.90725609096842,2020-12-11 18:07:07.154754948+00:00,run0_set2
36.35765,619.2781,2266.923,65.36678,251.90182,-83.42254959449178,2020-12-11 22:06:57.986520200+00:00,run0_set2
53.82575,1217.8585,3452.8752,-93.40054,173.86467,-526.8590079148785,2020-12-11 22:38:02.133175280+00:00,run0_set2
55.855755,1444.5806,4303.9536,234.1227,-163.54407,-440.6707629702487,2020-12-11 23:46:52.214252004+00:00,run0_set2
4.7861505,293.00266,847.9744,285.78955,292.14236,-405.7064954551164,2020-12-12 09:11:16.747769220+00:00,run0_set2
24.731485,659.0644,2359.4873,133.69307,-384.56424,428.2163223775683,2020-12-12 13:10:18.854455968+00:00,run0_set2
31.139862,615.2119,2056.5913,25.59671,398.48138,-395.1612488077558,2020-12-12 15:36:24.328638672+00:00,run0_set2
27.4455,623.05524,1827.5234,221.81837,311.51755,-509.88057169270337,2020-12-12 16:15:42.255270484+00:00,run0_set2
97.624855,1943.5154,6106.0737,401.49347,-58.038498,-392.3334731704747,2020-12-12 18:31:48.328391888+00:00,run0_set2
35.21301,806.0133,2464.1755,237.44711,256.76202,441.4302822826131,2020-12-12 21:16:38.298097556+00:00,run0_set2
21.531685,500.86273,1487.9515,146.71474,282.43692,-361.9879058629019,2020-12-12 22:25:38.967445932+00:00,run0_set2
121.7261,1289.4865,3875.121,-384.78674,186.19502,-309.0613718517907,2020-12-13 02:48:46.660264500+00:00,run0_set2
70.08823,1367.92,3874.4424,124.90815,220.96872,-19.408778605540988,2020-12-13 06:12:47.963081424+00:00,run0_set2
27.067703,646.671,2215.783,-8.37999,-482.35382,365.2806408503309,2020-12-13 06:38:50.689108792+00:00,run0_set2
24.767513,519.0794,1705.8127,-96.82732,488.14767,182.94213303889904,2020-12-13 08:50:25.785933344+00:00,run0_set2
48.796394,988.92487,2849.396,57.98389,413.9048,-31.238306688166972,2020-12-13 12:28:59.650511152+00:00,run0_set2
14.911489,600.2602,2169.6216,237.05731,-324.0314,480.17080851336425,2020-12-13 21:00:16.995729692+00:00,run0_set2
6.85989,406.2668,1380.4844,-165.38837,-183.15611,494.6631586544298,2020-12-13 23:07:40.343088852+00:00,run0_set2
10.914921,799.68005,2426.3582,103.40832,253.68484,-260.51789007846503,2020-12-13 23:08:07.364166260+00:00,run0_set2
16.112616,535.6361,1844.8805,-146.48405,444.9268,455.8165908372807,2020-12-14 02:32:14.906756532+00:00,run0_set2
4.888817,339.49457,1014.2105,-269.54056,353.0394,372.02017278585083,2020-12-14 07:44:42.545905008+00:00,run0_set2
16.478521,358.8128,1052.5162,362.27872,213.22179,-28.00403830302662,2020-12-14 08:15:36.603418672+00:00,run0_set2
94.78127,1519.1084,4718.2153,125.02058,52.477367,-413.0587121120475,2020-12-14 09:56:46.762019308+00:00,run0_set2
34.76206,724.65894,2522.064,39.550446,256.32742,344.03108517601225,2020-12-14 13:24:08.745813216+00:00,run0_set2
25.893524,638.45984,2017.7709,-246.17082,-391.99747,429.02930787328665,2020-12-14 14:16:58.194619888+00:00,run0_set2
20.533098,690.091,1835.9917,343.2069,224.22621,-243.26845869105045,2020-12-14 15:15:58.201692568+00:00,run0_set2
36.14047,683.9045,2051.69,-125.03998,38.24544,14.548093838809564,2020-12-14 17:57:51.078035992+00:00,run0_set2
75.69602,1194.6241,3745.752,75.73853,56.99605,-118.6578122748632,2020-12-14 18:41:44.896629024+00:00,run0_set2
31.754114,542.0971,1660.0398,345.77695,-158.6903,-314.94667989688185,2020-12-14 23:47:10.033255260+00:00,run0_set2
42.389137,664.42346,2187.6946,-296.18677,360.0691,-435.3333364548803,2020-12-15 02:44:00.810483096+00:00,run0_set2
58.35475,999.58325,3236.8499,-164.42368,187.88818,-221.45334788927573,2020-12-15 05:05:55.234724332+00:00,run0_set2
50.041946,1170.5037,3490.9453,-360.26968,-215.34138,-422.74973486897954,2020-12-15 08:28:43.346949316+00:00,run0_set2
41.708668,1080.9863,3504.747,42.674343,-117.877686,-142.6703403947754,2020-12-15 09:19:40.225623816+00:00,run0_set2
17.522715,484.11456,1659.1847,-99.06972,286.09998,383.9498512556305,2020-12-15 10:01:19.807435252+00:00,run0_set2
35.242313,1013.07336,3530.391,439.67746,-68.05055,-372.3778223683638,2021-01-18 12:01:19.840037572+00:00,run0_set3
26.24687,729.09393,2433.976,-43.71925,-60.022312,59.604650854615784,2021-01-18 12:21:45.942303616+00:00,run0_set3
34.259834,875.32996,2854.0417,-148.44914,413.55997,-459.56769578608555,2021-01-18 14:06:50.574866120+00:00,run0_set3
127.79524,2071.3352,7291.935,144.88995,40.406673,-139.4235867305839,2021-01-18 14:11:13.738402520+00:00,run0_set3
23.255423,605.8776,2341.09,-203.37457,-10.2408495,89.12558561605687,2021-01-18 14:45:52.368554504+00:00,run0_set3
66.32552,972.99176,3765.291,412.5602,-16.180538,409.3339595206333,2021-01-18 16:23:49.944628980+00:00,run0_set3
53.81845,1369.7478,5092.711,76.72984,428.04446,498.34661774848144,2021-01-18 16:33:00.356151580+00:00,run0_set3
53.409374,1085.5338,3505.7485,-32.375954,203.70581,38.601729725112364,2021-01-18 16:53:17.585550648+00:00,run0_set3
60.77513,905.642,3247.211,402.8415,-241.52113,-422.5160891648585,2021-01-18 16:56:13.829220256+00:00,run0_set3
72.544075,1295.4545,4421.251,269.09204,339.10538,405.758497008462,2021-01-18 17:04:52.746652704+00:00,run0_set3
26.56466,915.24786,3448.4172,86.997,-255.2433,-239.53069481237537,2021-01-18 17:29:31.027660352+00:00,run0_set3
42.569088,795.10034,2800.0598,20.33019,19.106472,-128.4693510928039,2021-01-18 20:08:52.584213492+00:00,run0_set3
20.292536,591.6237,2113.7644,-286.02264,108.40356,62.63678327915318,2021-01-18 21:17:52.586115140+00:00,run0_set3
5.7504888,365.50204,1206.8982,164.01471,-191.63773,-429.70791000224904,2021-01-18 21:57:29.994825712+00:00,run0_set3
12.704048,689.76337,2638.509,-174.74715,357.74463,1.4099088877219401,2021-01-19 00:27:33.520625656+00:00,run0_set3
15.893675,588.09424,2190.3928,-255.00667,313.44247,-88.44987689611446,2021-01-20 10:53:27.274179768+00:00,run0_set3
19.905836,336.48407,1293.6045,429.13058,-117.26575,126.41672485656323,2021-01-20 11:38:36.877883044+00:00,run0_set3
50.61569,1114.0183,3775.3171,219.59624,302.3596,336.55109681371994,2021-01-20 11:45:40.496269476+00:00,run0_set3
85.335884,1257.1874,4407.1733,-305.87112,-135.98271,3.54233342520979,2021-01-20 13:55:34.877660608+00:00,run0_set3
89.42113,2144.427,7610.4907,-230.51682,246.32036,485.86171025091573,2021-01-20 14:24:34.542992904+00:00,run0_set3
30.982168,551.28577,1964.843,-77.03195,272.8961,224.15771804059443,2021-01-20 14:32:35.613679028+00:00,run0_set3
61.75763,1170.8107,4425.991,189.91948,371.10046,307.9707657523762,2021-01-20 15:49:34.706623988+00:00,run0_set3
44.74547,1079.2277,3741.395,-346.42587,275.21725,-175.29505703243387,2021-01-20 17:11:23.165808752+00:00,run0_set3
83.52503,1722.101,5955.8687,182.37427,-302.14636,-247.02631311812036,2021-01-20 17:28:20.333915+00:00,run0_set3
109.83154,2117.5352,7491.174,418.18597,-30.10346,55.16453400943567,2021-01-20 19:31:50.518909780+00:00,run0_set3
129.85864,1469.8073,4825.869,-362.01273,155.61725,-465.4508506059492,2021-01-21 00:45:32.092139936+00:00,run0_set3
35.397118,875.0621,2873.921,349.5577,242.63992,-350.35250591266765,2021-01-21 02:24:46.625564876+00:00,run0_set3
35.41244,949.11554,2983.3306,-125.15563,4.9293213,-149.1392634589189,2021-01-21 13:59:06.305460152+00:00,run0_set3
14.323391,431.32712,1575.464,251.34753,-288.91986,243.97466059171416,2021-01-21 14:19:33.686823360+00:00,run0_set3
74.290535,1483.4711,5012.3364,-338.8233,-280.99963,-178.47324593214182,2021-01-21 15:13:34.542754208+00:00,run0_set3
47.920147,1158.4124,4052.5437,92.89389,-213.64125,144.3641445255019,2021-01-21 16:22:39.191023024+00:00,run0_set3
81.79509,1186.1212,4136.7617,-260.96814,-335.87875,-282.9036256789774,2021-01-21 17:39:10.759249560+00:00,run0_set3
71.33705,677.4518,2386.9192,398.15976,246.35828,180.65625747584266,2021-01-21 18:02:09.181651440+00:00,run0_set3
65.76816,1198.0618,4629.355,163.94746,-353.311,-118.62514466631899,2021-01-21 19:01:33.580819832+00:00,run0_set3
64.83482,1428.5657,5357.271,-205.48053,-138.92497,313.7429176511104,2021-01-21 19:23:00.831376116+00:00,run0_set3
83.56541,956.10785,3231.7385,-267.5446,177.13618,-296.8899937412948,2021-01-22 00:09:02.800144844+00:00,run0_set3
19.663183,623.72577,2246.1777,213.20024,200.64284,44.66599457418738,2021-01-22 01:44:57.096779436+00:00,run0_set3
42.576008,764.05945,2743.4607,-250.13046,-326.93433,485.2513202169826,2021-01-26 01:57:35.185280100+00:00,run0_set4
40.141815,915.93634,2728.4697,222.47357,315.11282,24.39134105306016,2021-01-26 02:09:43.768022260+00:00,run0_set4
10.165474,579.43036,1950.88,19.483871,-324.12375,234.03569076386975,2021-01-26 04:02:05.759361408+00:00,run0_set4
21.434647,487.15546,1611.943,-66.78205,71.05036,194.1615454621658,2021-01-26 04:04:53.441734352+00:00,run0_set4
39.28606,883.8901,3569.613,-448.00742,181.10359,197.64663090205846,2021-01-26 06:29:15.987923864+00:00,run0_set4
130.02036,2157.6895,6688.392,-200.83629,199.20784,-287.9097761917877,2021-01-26 09:27:11.981382792+00:00,run0_set4
42.922234,916.35956,3320.9685,162.7072,463.19952,121.86588870660648,2021-01-26 10:43:47.778015796+00:00,run0_set4
13.323166,743.1999,2669.5562,279.10373,39.58122,-247.90508208696076,2021-01-26 13:03:19.826793540+00:00,run0_set4
48.370255,785.0213,2573.0576,-465.8908,114.876015,-210.15944987965372,2021-01-26 13:38:10.546343508+00:00,run0_set4
74.59499,1339.9579,4486.763,6.6497035,144.4343,-500.908662539367,2021-01-26 14:59:17.890067844+00:00,run0_set4
80.66277,880.68896,3370.3171,-307.3573,286.73904,472.28725646337523,2021-01-26 19:32:05.778735096+00:00,run0_set4
48.674942,929.8126,3143.1975,272.16565,-71.05637,-530.8270425942114,2021-01-26 19:57:14.485462600+00:00,run0_set4
89.984764,1721.6177,5820.915,104.74101,273.0509,98.53738519201528,2021-01-26 21:56:08.168133056+00:00,run0_set4
3.9100142,329.45468,1259.7268,327.41656,-388.54208,423.17252631452897,2021-01-26 22:21:57.953328560+00:00,run0_set4
12.648228,568.49316,2095.8818,-226.17194,-351.02203,-462.1299919769126,2021-01-26 23:15:41.597455600+00:00,run0_set4
109.61361,1839.925,5946.2646,-459.21887,-99.19102,-289.7658396101019,2021-01-27 00:22:54.248931676+00:00,run0_set4
72.57451,1099.1086,4009.4302,-111.493034,-278.98898,169.5899903004467,2021-01-27 02:55:16.382410836+00:00,run0_set4
121.69603,1868.983,6012.001,-154.33896,-203.05232,-433.62494461674805,2021-01-27 03:37:15.337988548+00:00,run0_set4
7.7292137,510.11346,1907.9281,-420.92996,171.08348,37.29296842256531,2021-01-27 07:12:27.221919028+00:00,run0_set4
53.12279,904.36865,3273.0994,-203.49077,-4.334238,158.30035684776493,2021-01-27 08:16:44.297043552+00:00,run0_set4
51.65986,802.42615,2782.139,-150.80513,-215.8541,185.07988959273854,2021-01-27 09:39:19.096931232+00:00,run0_set4
43.673164,1086.3442,3735.5833,118.4524,205.28828,313.7215449831755,2021-01-27 14:08:15.985291772+00:00,run0_set4
56.574448,1051.4645,3821.4226,280.01852,31.10202,90.8633859823492,2021-01-27 14:31:00.861786344+00:00,run0_set4
72.1176,1692.2617,5680.597,-9.09374,-59.96006,137.01522590379483,2021-01-27 15:49:26.635048584+00:00,run0_set4
5.323734,492.78644,1649.319,188.91168,116.34154,190.04074411141323,2021-01-27 16:50:10.388969484+00:00,run0_set4
21.68605,755.98553,2855.3396,64.879196,-36.134712,195.29107641092583,2021-01-27 20:53:40.809814772+00:00,run0_set4
81.93601,1261.243,4039.761,-135.1101,-10.585681,181.79914140990792,2021-01-27 21:06:38.793401476+00:00,run0_set4
10.259976,554.9925,2006.9117,42.58285,496.44315,-321.9205774227928,2021-01-27 21:25:48.218202864+00:00,run0_set4
35.285076,972.83685,2992.1702,350.00336,210.4159,-319.4060939539452,2021-01-27 22:04:45.570532196+00:00,run0_set4
6.8137207,488.19455,1749.9843,261.57516,-165.76105,-430.07742279275294,2021-01-27 22:18:08.069958184+00:00,run0_set4
105.364555,1620.114,6292.7905,342.57028,22.334911,61.575045803446415,2021-01-28 00:00:06.030804548+00:00,run0_set4
78.36129,1128.7019,3880.098,429.00372,-92.17933,-226.9094289238286,2021-01-28 03:14:14.356801960+00:00,run0_set4
17.880117,521.682,1787.5764,-461.98282,79.056305,-480.41250044905337,2021-01-28 06:36:47.622736+00:00,run0_set4
54.856773,1455.2025,5111.002,442.5467,-17.848064,224.8348381611563,2021-01-28 07:09:47.826800544+00:00,run0_set4
7.1755056,525.6135,1836.6697,28.915802,-411.934,-114.07553078111334,2021-01-28 10:16:35.267826732+00:00,run0_set4
103.73145,1284.5493,3808.7058,-125.204094,49.03055,-483.20510962890216,2021-01-28 10:24:04.998579736+00:00,run0_set4
61.15934,816.75757,3124.033,227.20528,423.04404,61.35368044162908,2021-01-28 12:07:35.110738576+00:00,run0_set4
56.525955,1140.0043,3818.965,90.85121,103.94894,126.67916631740292,2021-01-28 13:21:39.758573256+00:00,run0_set4
24.233011,769.58167,2624.7466,-249.94534,-274.33954,-480.88361134727984,2021-01-28 15:07:18.696969864+00:00,run0_set4
27.745483,777.14655,2768.272,418.11447,-197.86116,141.77174316540737,2021-01-28 20:41:21.428617512+00:00,run0_set4
3.2908175,259.77823,1365.3611,-353.6623,348.2213,-303.52454825228426,2021-01-28 23:25:18.041365532+00:00,run0_set4
13.804471,891.04816,2857.1475,462.3538,-111.70244,-480.6735980552994,2021-01-29 00:09:45.936464636+00:00,run0_set4
3.5663002,363.1391,1216.903,-251.1159,-202.38928,414.79469877498235,2021-01-29 02:00:29.460744980+00:00,run0_set4
26.400925,988.87146,3830.074,-180.8383,17.624578,198.77048581590014,2021-01-29 02:31:35.141279100+00:00,run0_set4
20.519066,653.4166,2063.9495,-39.71325,410.12717,-267.7768803362512,2021-01-29 04:33:42.996809476+00:00,run0_set4
45.145565,935.3472,3279.3794,-213.971,69.668045,-520.2696176460022,2021-01-29 06:37:32.676074904+00:00,run0_set4
94.468735,1790.0956,5698.268,109.704636,-495.65012,-364.4113748218755,2021-01-29 11:00:36.718595940+00:00,run0_set4
120.185265,2021.2026,6277.66,-414.14413,-226.42758,-281.19502688333,2021-01-29 11:17:45.357136404+00:00,run0_set4
20.218657,513.3904,1930.9161,255.13068,-422.81622,-488.37597743955735,2021-01-29 13:12:50.556599796+00:00,run0_set4
28.19328,848.02246,2309.934,409.5767,150.03246,-379.0612209462454,2021-01-29 14:45:06.444981432+00:00,run0_set4
50.55716,932.5788,3743.4695,-480.48672,134.74937,56.68797973871085,2021-01-29 14:46:49.433043564+00:00,run0_set4
42.1655,1116.0925,4088.306,-144.80278,322.13074,-551.8681040366907,2021-01-29 17:59:13.514877720+00:00,run0_set4
17.50225,501.79977,1780.0558,-97.405876,269.3654,-183.1244955633524,2021-01-29 17:59:44.572991420+00:00,run0_set4
72.56818,1622.8981,5750.1235,300.05786,89.16001,-471.9381803158942,2021-01-29 19:53:23.061289352+00:00,run0_set4
99.83724,1470.113,4866.641,-118.43689,97.49206,-258.6725203271503,2021-01-29 20:41:31.482255400+00:00,run0_set4
19.987858,463.954,1440.112,-71.51392,39.73061,-349.1087846818906,2021-01-30 05:33:35.993159868+00:00,run0_set4
82.4923,1816.4485,6243.822,-21.038843,-430.02457,-79.95120885174049,2021-01-30 08:51:07.215592508+00:00,run0_set4
111.9721,2246.9856,7891.384,360.97827,-1.8207539,384.2349267743597,2021-01-30 09:42:02.567311948+00:00,run0_set4
25.173878,787.5221,2373.678,319.85294,313.0658,53.5434563939217,2021-01-30 09:44:50.730535388+00:00,run0_set4
43.251804,720.1898,2336.598,-13.044215,-55.038544,150.24606329856664,2021-01-30 10:40:13.913584988+00:00,run0_set4
9.319604,397.67065,1361.3259,-345.21545,-171.57632,-72.038816175502,2021-01-30 11:02:19.402126784+00:00,run0_set4
55.877502,620.74274,1993.8145,-370.57864,-103.05932,-529.3342454106744,2021-01-30 11:56:05.134059208+00:00,run0_set4
32.049995,569.6872,2192.91,164.97781,111.27795,318.8526805494019,2021-01-30 13:29:21.470297900+00:00,run0_set4
58.632195,1153.7662,4216.711,-345.69464,-240.34969,456.02541642218205,2021-01-30 18:35:27.065685468+00:00,run0_set4
27.302652,384.38107,1305.0557,-109.73972,346.98544,-431.0593768336348,2021-01-30 18:40:25.339818524+00:00,run0_set4
117.192085,1606.7667,5536.747,-18.291697,-487.23425,-395.53875031433734,2021-01-30 21:52:38.420924504+00:00,run0_set4
5.6932077,387.92938,1271.6941,-213.8431,416.34253,462.91612281310995,2021-01-30 22:11:37.309226904+00:00,run0_set4
42.461266,1067.7246,3756.185,308.3097,-339.73694,-3.4609622914895226,2021-01-31 00:59:20.317023212+00:00,run0_set4
40.43669,1042.9677,2990.053,279.8112,387.60526,294.82034870493,2021-01-31 01:36:39.423849112+00:00,run0_set4
32.11357,930.1833,3230.6506,76.93548,41.932377,-173.5547006909435,2021-01-31 01:49:18.900631292+00:00,run0_set4
45.349808,1225.8785,4177.321,-204.52847,433.57486,-503.775060173155,2021-01-31 03:30:33.591750424+00:00,run0_set4
9.89699,865.85693,2898.626,100.04517,-120.405014,-94.31157719527232,2021-01-31 03:58:22.993524039+00:00,run0_set4
96.74342,1662.443,5961.9473,303.10425,21.166073,21.343310301883662,2021-01-31 04:44:14.481032844+00:00,run0_set4
34.27403,852.10236,3131.2495,-433.95578,226.75304,164.42479852470996,2021-01-31 08:07:28.750639356+00:00,run0_set4
60.60473,1682.7543,5937.213,-331.6939,234.71098,439.93953346345904,2021-01-31 12:12:36.696116304+00:00,run0_set4
99.737015,1368.1033,4523.136,219.21078,265.4628,-307.86671496485405,2021-01-31 14:08:03.945187568+00:00,run0_set4
30.699045,739.0546,2492.079,-176.91905,-463.22168,-437.94440718964415,2021-01-31 14:22:20.443240028+00:00,run0_set4
43.80869,907.8353,3238.7266,224.58678,-51.410698,-6.00950196984752,2021-01-31 17:09:59.001917760+00:00,run0_set4
88.4481,1313.4092,4447.784,-157.9175,-87.28429,39.10929959645068,2021-01-31 18:09:32.048698036+00:00,run0_set4
130.57275,1466.7397,5586.5684,-420.45343,134.08266,-81.18290842903161,2021-01-31 18:44:15.964057508+00:00,run0_set4
28.363485,864.5943,3278.2288,-232.57533,147.65779,186.158336227233,2021-01-31 19:52:30.174734720+00:00,run0_set4
25.591364,526.37036,2049.3364,10.872307,316.1751,-335.3387239698716,2021-01-31 20:35:00.872630628+00:00,run0_set4
121.34471,1605.146,5404.0996,345.89032,-9.32534,-378.578757978182,2021-01-31 20:43:38.345870068+00:00,run0_set4
33.790554,804.65186,2668.0564,304.95786,-50.51828,20.46352488953289,2021-01-31 22:05:39.176717896+00:00,run0_set4
21.678144,604.5966,1949.7657,264.98404,-124.18588,-103.44431737896502,2021-01-31 23:01:15.553245588+00:00,run0_set4
2.4839962,350.72992,1129.0042,-51.28098,-453.91074,-313.6960028260428,2021-02-01 00:53:41.237401384+00:00,run0_set4
4.5117273,352.70142,1288.3042,117.20842,310.96863,45.06913626076232,2021-02-01 02:42:04.596366848+00:00,run0_set4
24.235233,616.99554,2208.5862,-43.64951,-389.48853,-294.86859500173637,2021-02-01 02:46:35.367453080+00:00,run0_set4
29.963718,1030.4028,3748.916,-290.87338,-66.290665,477.64543342633726,2021-02-01 05:52:24.574281380+00:00,run0_set4
24.849144,774.41187,2760.6921,39.46847,352.64706,26.088475493659416,2021-02-01 05:58:03.583212796+00:00,run0_set4
51.58245,862.8281,3262.4646,325.79312,-257.60336,433.366685027961,2021-02-01 06:11:34.602277736+00:00,run0_set4
65.309204,1533.6627,4857.9146,263.97992,307.99954,189.5526051084314,2021-02-01 07:54:32.589698548+00:00,run0_set4
115.664444,1891.4138,6492.7554,-463.3638,142.19243,-133.82245626219913,2021-02-01 12:04:01.232653172+00:00,run0_set4
25.812672,787.7636,2578.4133,426.4364,237.11552,-270.8703193667749,2021-02-01 17:41:28.746073736+00:00,run0_set4
59.387035,1270.894,4216.293,-62.839447,107.26948,50.26838424600953,2021-02-01 18:44:18.201667832+00:00,run0_set4
33.22675,645.534,2409.1357,77.790146,148.92757,300.8255936485888,2021-02-01 18:52:24.822464644+00:00,run0_set4
21.256128,637.9324,2046.2993,189.52222,71.20575,77.62687255265905,2021-02-01 21:05:48.251519140+00:00,run0_set4
112.74919,1694.9027,6440.282,-489.3855,-121.702194,-96.23575303260725,2021-02-01 21:57:33.346369700+00:00,run0_set4
89.79685,1243.4398,4338.396,-201.03311,-162.76842,253.7372079656085,2021-02-01 21:57:40.749564436+00:00,run0_set4
26.104805,675.9815,2447.9604,-249.70468,320.92117,262.7337233112599,2021-02-02 09:53:45.311449776+00:00,run0_set4
14.734596,513.23083,1786.1178,235.60457,-97.497345,-307.07207007627926,2021-02-02 12:06:18.978014792+00:00,run0_set4
12.520187,487.5519,1843.6987,-52.2686,155.81664,299.07169885880563,2021-02-02 12:20:28.490222008+00:00,run0_set4
51.336887,917.5454,3329.5046,99.077484,-105.91277,-164.4503406818427,2021-02-02 14:28:35.282174244+00:00,run0_set4
28.948967,656.7448,2334.9973,77.73494,112.66473,-307.4239842412195,2021-02-02 16:16:51.241725652+00:00,run0_set4
5.262427,450.1933,1450.7609,-179.55807,-247.94153,-180.36594259301398,2021-02-02 17:54:55.714841352+00:00,run0_set4
33.338974,667.95605,2377.8164,-212.00298,-415.14792,-162.2366870636697,2021-02-02 19:30:50.624019224+00:00,run0_set4
20.920935,711.79175,2284.9058,252.5238,-299.7286,-489.50550838831737,2021-02-02 19:53:42.989735732+00:00,run0_set4
4.1479645,333.37592,1234.2189,132.56439,-274.5448,-231.89298758217683,2021-02-02 22:01:49.313364740+00:00,run0_set4
19.01295,655.40906,2315.1113,55.699787,-29.816332,362.3254319893664,2021-02-03 04:37:36.695311016+00:00,run0_set4
15.806689,725.2621,2434.177,284.22354,-330.44907,-213.35505753870837,2021-02-03 06:10:33.419408804+00:00,run0_set4
105.58826,2037.9055,7435.973,79.866905,-35.86174,487.85662024452455,2021-02-03 06:24:25.706233764+00:00,run0_set4
14.055272,552.4712,1822.3157,-7.664424,412.24442,432.44716737118154,2021-02-03 07:06:40.487669988+00:00,run0_set4
24.309893,743.04706,2525.7852,-137.32518,-123.554474,291.02308134452574,2021-02-03 08:46:41.717577624+00:00,run0_set4
3.703057,347.13586,1285.4004,-178.49205,-185.96208,-247.96751847106304,2021-02-03 09:10:43.039588144+00:00,run0_set4
40.91385,954.8477,3332.5088,136.69083,-133.83302,-411.2954232477937,2021-02-03 11:10:32.183416460+00:00,run0_set4
57.061005,1335.3551,5017.1426,319.22253,51.717533,336.57893759954015,2021-02-03 11:40:37.623687924+00:00,run0_set4
2.3261416,212.58667,686.68524,-301.6095,61.260544,-412.4363062663905,2021-02-03 12:59:07.369217812+00:00,run0_set4
47.559666,1449.1498,5107.723,-13.947171,434.56885,-85.37749823372326,2021-02-03 13:34:50.906989156+00:00,run0_set4
64.56454,1207.8804,4274.2417,34.945724,452.52924,333.05979595013713,2021-02-03 17:08:31.085247776+00:00,run0_set4
8.360855,571.9781,1717.7694,358.2847,275.05475,-168.90035205786205,2021-02-03 18:39:15.456296612+00:00,run0_set4
38.1092,876.59106,3010.023,349.28635,110.49115,484.1161132333042,2021-02-03 20:15:42.242766364+00:00,run0_set4
25.682476,737.737,2644.2576,121.758514,-404.16373,-348.29711168856045,2021-02-03 21:09:18.077103336+00:00,run0_set4
36.602406,770.05927,2420.7373,364.6519,284.6262,309.8675172735873,2021-02-03 22:17:35.513752816+00:00,run0_set4
98.029305,1874.1627,6604.3877,-201.90192,-248.2787,-143.08574524901508,2021-02-03 23:46:36.001759856+00:00,run0_set4
28.374264,889.9068,3078.363,-277.20724,-116.88004,299.6393023506448,2021-02-04 00:27:19.965186472+00:00,run0_set4
80.74758,1081.5154,3840.6345,-178.94714,163.13692,12.227598222946085,2021-02-05 01:19:15.972341380+00:00,run0_set4
5.9228945,530.91327,2204.3994,327.91217,-3.8706493,-423.89622076662397,2021-02-05 02:32:21.079608408+00:00,run0_set4
125.38558,1389.9817,4696.2837,122.91472,187.04697,-63.81991761367033,2021-02-05 02:34:49.499504428+00:00,run0_set4
56.38497,1273.0652,4529.3193,337.0833,-93.26907,356.2180184171766,2021-02-05 03:06:56.666685316+00:00,run0_set4
47.204674,889.2962,2934.0403,260.89703,-209.68852,-440.31131375061364,2021-02-05 03:42:07.973973616+00:00,run0_set4
9.704116,470.49542,1856.3181,359.24945,69.62497,-327.6079644110216,2021-02-05 04:12:34.772257272+00:00,run0_set4
58.50581,1491.1504,4766.0347,-125.26273,-64.122856,-270.9781640302243,2021-02-05 13:39:31.735845484+00:00,run0_set4
95.211525,1493.5701,4873.76,-41.160618,-171.43373,-429.42467877713784,2021-02-05 15:34:34.567515304+00:00,run0_set4
15.193567,496.26694,1746.9023,-164.11626,-63.71016,-50.628812463327336,2021-02-05 18:57:44.114169392+00:00,run0_set4
14.710992,760.9497,2633.1536,39.757603,169.5565,-9.545671724005729,2021-02-05 20:13:56.031585188+00:00,run0_set4
112.45007,1857.848,7043.357,421.79987,-160.38603,333.02006370570837,2021-02-05 22:07:57.393486560+00:00,run0_set4
32.56336,857.0491,2915.7773,-310.68335,160.65462,-89.6856087367828,2021-02-05 22:25:12.329254900+00:00,run0_set4
10.500517,420.54776,1392.2737,39.394512,344.22232,-298.0982588703014,2021-02-05 22:48:02.182309480+00:00,run0_set4
104.591255,2379.8713,7538.911,-410.1953,121.853325,-376.59782179166325,2021-02-06 00:29:59.625543744+00:00,run0_set4
122.31208,1941.0057,6619.8745,-165.27243,89.54862,323.7283945443006,2021-02-06 02:47:10.920763580+00:00,run0_set4
127.92736,1972.5278,7194.4077,-490.63602,-46.92804,-82.31811541270997,2021-02-06 03:03:04.283715112+00:00,run0_set4
28.824398,583.1965,2347.2065,151.13153,-365.9345,-466.39837023554355,2021-02-06 07:18:42.662357776+00:00,run0_set4
122.286446,2105.9736,7053.6333,251.8503,248.3663,-88.40850088014463,2021-02-06 07:40:31.005989404+00:00,run0_set4
126.974075,1873.6542,7049.2046,-171.10616,-247.335,325.4482331245734,2021-02-06 08:33:25.633425640+00:00,run0_set4
9.2618885,582.06177,2161.9583,440.6633,-22.684095,176.7701744722126,2021-02-06 12:03:46.471374020+00:00,run0_set4
9.4898205,509.11966,1809.8986,-402.09756,-285.65897,224.19344621537806,2021-02-06 12:08:39.614317032+00:00,run0_set4
128.1473,2273.9563,7191.2554,-99.8883,113.7087,-241.83172472428134,2021-02-06 15:30:30.302400740+00:00,run0_set4
12.390556,629.93677,1972.8796,332.4619,244.15765,100.45588499443181,2021-02-06 16:47:58.113571024+00:00,run0_set4
22.337164,679.45374,2137.1392,-282.40625,111.32559,-232.4549150390976,2021-02-06 16:53:53.226590800+00:00,run0_set4
131.10559,1815.6417,6535.6484,376.28714,-274.2982,415.918553688824,2021-02-06 18:40:04.364336532+00:00,run0_set4
16.05175,847.48566,2986.01,44.529774,-299.06018,-80.71179753080503,2021-02-06 20:10:07.586414848+00:00,run0_set4
11.2251,587.9333,2132.9412,-386.22867,-207.98885,421.0950975343975,2021-02-06 23:19:56.293575112+00:00,run0_set4
21.744427,540.51086,1985.591,-494.2369,100.79342,-8.223155588020404,2021-02-06 23:42:18.070020148+00:00,run0_set4
27.62467,867.7626,3081.267,-435.09937,-134.9426,-133.28890897987037,2021-02-06 23:47:02.176315076+00:00,run0_set4
12.921998,568.9538,1796.7612,303.82434,-67.14907,-255.54502508711641,2021-02-07 02:11:03.878366476+00:00,run0_set4
10.128906,491.26318,1882.5315,303.51068,2.054875,-82.42028404124108,2021-02-07 04:52:45.447716188+00:00,run0_set4
102.7697,1503.2814,4841.2563,-443.54016,-35.996693,-230.9677938904789,2021-02-07 07:52:13.539022920+00:00,run0_set4
77.06589,1459.3849,5108.0195,-11.17182,-141.82924,337.91280580536227,2021-02-07 07:56:34.084585516+00:00,run0_set4
48.78502,732.0568,2921.5588,458.94162,-172.68683,473.9900669388928,2021-02-07 13:09:31.395295700+00:00,run0_set4
42.431328,1231.7278,4550.9434,71.76572,-288.9943,351.4558251206457,2021-02-07 13:44:48.784372240+00:00,run0_set4
22.362997,684.61176,2382.7961,-101.69228,-349.08112,86.89583757439317,2021-02-07 17:00:13.845659784+00:00,run0_set4
35.430603,913.33606,3136.8762,59.71108,89.75091,120.2538947897832,2021-02-07 21:17:48.102782040+00:00,run0_set4
5.785233,381.71725,1298.109,164.08754,-66.51744,-207.6109102012956,2021-02-07 22:22:49.732241420+00:00,run0_set4
40.858875,947.66425,3038.0354,168.42493,261.4355,-193.67056844172487,2021-02-07 23:29:49.425457664+00:00,run0_set4
106.12846,1868.6119,6184.1655,238.2871,-121.27776,506.4229304625849,2021-02-08 00:24:18.192348928+00:00,run0_set4
5.828384,359.89862,1375.4474,410.05597,7.2018447,170.55491623657332,2021-02-08 01:59:35.289562196+00:00,run0_set4
28.07789,630.42706,2329.6182,210.785,-42.81173,85.47115280987686,2021-02-08 02:42:50.055990444+00:00,run0_set4
67.24744,1289.4678,4634.8486,-194.79524,333.0511,452.43816235375823,2021-02-08 06:17:20.545476392+00:00,run0_set4
130.56392,1400.7284,4992.278,418.42206,-4.003355,-291.16214420002643,2021-02-08 07:40:07.580352084+00:00,run0_set4
13.769257,608.7374,2350.1248,-245.68042,421.1731,452.6141194362284,2021-02-08 07:59:46.815143448+00:00,run0_set4
23.758232,640.5526,2277.2905,-166.97691,311.40546,-381.4338035421333,2021-02-08 12:15:27.387572540+00:00,run0_set4
21.861555,600.034,2185.8315,-269.46948,-319.1941,-545.0511860997019,2021-02-08 14:14:22.030951200+00:00,run0_set4
23.439669,498.84125,2031.8939,-178.37378,374.61496,446.6031984576513,2021-02-08 15:04:48.596703212+00:00,run0_set4
73.094154,1246.7605,4416.8394,-299.14233,-254.9566,128.76227113245284,2021-02-08 18:27:32.140909424+00:00,run0_set4
70.628716,1530.4999,5474.972,-347.92276,29.40592,381.8055838292879,2021-02-08 20:16:26.612732676+00:00,run0_set4
48.95156,976.14166,3173.5056,-63.549286,4.7531896,16.530032691087285,2021-02-08 20:58:56.754972396+00:00,run0_set4
26.936108,936.52686,3235.9658,192.58206,-90.18455,-315.8756002347053,2021-02-08 21:33:19.687183748+00:00,run0_set4
17.745506,589.1946,2191.7324,377.73434,48.049232,66.79699792836709,2021-02-08 22:23:41.372798888+00:00,run0_set4
72.77671,1311.8223,4356.63,234.92969,423.13428,-255.4655605982589,2021-02-08 22:56:26.641114092+00:00,run0_set4
39.62169,891.4484,3281.348,40.78156,41.955326,365.36778670562455,2021-02-09 04:21:57.088823676+00:00,run0_set4
128.62439,2157.3281,7153.1855,323.48343,156.55559,-327.4490354333067,2021-02-09 04:57:33.564232616+00:00,run0_set4
126.67905,1835.6035,6276.6816,-204.22816,309.0707,111.9498557041756,2021-02-09 05:06:33.809457136+00:00,run0_set4
13.121085,475.156,1728.1853,332.25513,-70.95088,-356.7941359613934,2021-02-09 05:10:50.643319556+00:00,run0_set4
105.87551,1369.3448,4881.618,-353.78036,-291.27338,491.7503801985415,2021-02-09 07:25:37.883245808+00:00,run0_set4
69.36869,1342.0496,5118.0093,487.19363,-94.414955,111.91012345974696,2021-02-09 07:37:21.966324288+00:00,run0_set4
118.66492,1678.1039,5180.2407,297.00278,217.43375,-221.26745021494685,2021-02-09 08:35:54.923231784+00:00,run0_set4
5.949495,409.87958,1434.0448,-359.23065,99.87204,-317.8451843513874,2021-02-09 22:12:38.194763956+00:00,run0_set4
114.69551,1867.9484,6286.704,-30.732483,314.88303,339.0934210683878,2021-02-09 22:51:31.746615616+00:00,run0_set4
29.908524,710.3364,2569.6643,-254.20004,380.0024,-342.2691626052282,2021-02-10 00:03:27.950198156+00:00,run0_set4
32.3048,902.50824,3196.1885,-164.90057,445.71622,108.43639008969097,2021-02-10 01:11:55.934471396+00:00,run0_set4
32.21871,875.8646,3172.1401,-142.74336,457.13297,-267.6690356728018,2021-02-10 02:15:58.612752412+00:00,run0_set4
11.755967,587.2454,2238.4548,-376.43234,51.248222,340.22295201714786,2021-02-10 02:35:09.737705536+00:00,run0_set4
20.124998,666.3192,2152.5613,-68.87408,67.16082,438.83838268929094,2021-02-10 05:56:18.964472832+00:00,run0_set4
101.52861,1044.3582,3509.0854,218.04207,265.41287,-50.11796932067193,2021-02-10 08:31:25.976759468+00:00,run0_set4
48.174667,1211.6925,4304.33,-242.16034,-307.91336,-339.05085080649997,2021-02-10 08:37:18.229326480+00:00,run0_set4
16.057762,642.9145,2370.7754,-285.66403,-323.5412,340.8984001724365,2021-02-10 09:44:19.112755108+00:00,run0_set4
61.503555,1375.9043,4542.2256,-169.41678,-225.25711,-388.0066519776311,2021-02-10 09:56:34.721561816+00:00,run0_set4
106.26567,1899.2845,6638.704,-216.52304,419.42822,463.3134452573974,2021-02-10 10:25:27.339676224+00:00,run0_set4
17.282406,650.33215,2406.4824,231.29811,-84.897095,217.13245877689837,2021-02-10 13:21:53.502605992+00:00,run0_set4
12.637389,805.42633,2453.7932,317.18082,375.20102,66.47346393801865,2021-02-10 15:33:14.343960956+00:00,run0_set4
3.567681,382.2303,1297.1869,-19.505844,158.2414,-360.4324743440827,2021-02-10 18:48:12.112601084+00:00,run0_set4
22.41205,1003.3959,3115.8123,-151.92067,15.720027,-434.01091499119843,2021-02-10 21:06:21.749939068+00:00,run0_set4
42.485413,957.1599,3271.9866,281.30234,-81.93605,79.43185165670764,2021-02-10 23:17:35.589667428+00:00,run0_set4
94.13666,1364.6533,4816.6113,-320.82254,-149.40106,305.53102659593577,2021-02-10 23:25:31.378376636+00:00,run0_set4
88.17886,1906.3735,6601.7495,133.61249,-45.44125,-18.701116047372125,2021-02-11 01:30:05.472671648+00:00,run0_set4
24.327507,605.40765,2332.97,324.73434,-48.7808,382.4583278449029,2021-02-11 02:08:07.909215156+00:00,run0_set4
62.361668,855.75653,3292.4043,298.38794,129.14362,404.57783592187667,2021-02-11 03:43:52.125627472+00:00,run0_set4
47.777634,935.1864,3331.049,-227.05287,364.32404,-434.55013830844587,2021-02-11 06:02:08.245586968+00:00,run0_set4
22.054733,800.7719,2845.1785,-23.18154,255.18623,-428.37461231723523,2021-02-11 07:00:35.528693872+00:00,run0_set4
87.36246,1906.2821,6290.5664,-387.59824,-186.44093,-231.03023027458119,2021-02-11 10:03:25.024051060+00:00,run0_set4
29.007387,833.4348,2989.0127,-72.62759,-448.93375,222.21818606377764,2021-02-11 10:26:36.992232244+00:00,run0_set4
49.430763,810.18976,2715.6174,25.305788,74.44183,-27.629518974002735,2021-02-11 10:58:22.651582056+00:00,run0_set4
9.733295,479.55908,1548.5924,-257.1756,228.64246,97.87896514148179,2021-02-11 14:14:21.066324020+00:00,run0_set4
112.96393,2221.7065,7727.347,-465.05634,-20.203917,446.3648049910788,2021-02-11 15:48:32.191611860+00:00,run0_set4
49.576008,1567.233,5547.17,-326.4139,-124.17045,460.56056832197726,2021-02-11 16:30:51.178205312+00:00,run0_set4
11.823356,610.1355,2238.7056,28.106781,-433.3155,-418.0101725562514,2021-02-11 18:17:14.333374508+00:00,run0_set4
38.888367,1088.3699,3570.2117,319.5408,-199.7873,222.5473960890443,2021-02-11 18:59:32.022948604+00:00,run0_set4
65.74437,1703.8369,5999.3296,-321.6073,373.29346,-305.0797818199237,2021-02-11 19:32:48.735118688+00:00,run0_set4
46.264034,1122.2053,4202.3706,-259.11215,409.4654,310.27051575279313,2021-02-11 21:26:23.528017836+00:00,run0_set4
11.081009,641.3521,2432.9868,305.19226,99.20416,-373.5724951801602,2021-02-11 21:57:44.586146948+00:00,run0_set4
48.32062,892.6989,3302.839,-435.3963,-184.16568,192.3168341136884,2021-02-12 00:22:01.522104680+00:00,run0_set4
3.803892,514.5067,1429.6443,454.0149,139.81494,-2.6095570537306685,2021-02-12 03:25:57.518715864+00:00,run0_set4
8.256372,228.41724,1109.9623,-89.24217,-355.17734,387.0275359542085,2021-02-12 06:03:43.512433488+00:00,run0_set4
57.59789,1219.3405,4305.0967,112.51686,-363.8956,70.8837430696093,2021-02-12 08:34:27.200296216+00:00,run0_set4
55.331825,1458.4546,4912.4077,172.52153,120.84439,-101.59960603048762,2021-02-12 09:20:47.158429380+00:00,run0_set4
75.37709,1380.0116,4548.101,-151.25598,124.47525,-165.82961716701197,2021-02-12 09:58:59.163909684+00:00,run0_set4
18.520449,574.68774,2160.1985,261.93774,-135.31787,-530.6737896514148,2021-02-12 12:29:47.885572012+00:00,run0_set4
24.48315,1043.9364,3818.2803,-52.044907,-336.09006,204.33867607084267,2021-02-12 14:51:41.078429124+00:00,run0_set4
31.497229,759.0332,2439.8145,262.0671,346.38553,459.69781101438167,2021-02-12 17:44:56.504141628+00:00,run0_set4
42.200096,782.9785,2800.7239,302.41635,292.04193,359.83365266019234,2021-02-12 18:49:20.986865188+00:00,run0_set4
22.211155,822.90204,3052.241,-93.51759,449.53363,306.5583889161647,2021-02-12 19:02:40.651054508+00:00,run0_set4
2.4926302,46.310944,263.6989,-165.84038,-327.97183,108.98128944185663,2021-02-12 21:22:02.568779184+00:00,run0_set4
121.276726,1616.1304,5197.026,-278.63678,246.59792,-5.158096732088666,2021-02-12 22:00:41.132435604+00:00,run0_set4
90.05762,1604.725,5646.9004,-303.47137,-320.89062,-153.84750745428641,2021-02-13 00:33:00.326046132+00:00,run0_set4
28.939632,982.5902,3503.2334,219.56126,225.30177,27.689117340645907,2021-02-13 07:13:38.298168088+00:00,run0_set4
9.667996,410.16684,1634.3484,-478.67844,-136.6943,206.64314624770986,2021-02-13 07:35:46.332906296+00:00,run0_set4
9.501907,499.00244,1896.7179,-483.79553,-86.31042,406.45660347986444,2021-02-13 07:45:25.891429108+00:00,run0_set4
30.657272,740.1028,2159.3098,278.4314,383.2441,-75.95528026919249,2021-02-13 08:15:10.511396608+00:00,run0_set4
80.3577,1488.1047,5201.829,-77.12683,-347.69028,83.9726795914213,2021-02-13 08:38:00.973963544+00:00,run0_set4
31.86609,1153.4283,4346.4614,77.104065,15.548614,1.1195978876528443,2021-02-13 09:32:44.230069144+00:00,run0_set4
26.220703,803.97064,3240.2627,-322.67865,373.09665,-185.61059885760824,2021-02-13 09:33:46.343708860+00:00,run0_set4
4.7178283,241.45947,824.47174,59.689114,423.21188,-257.44649678477765,2021-02-13 11:03:10.711728028+00:00,run0_set4
11.644962,332.0162,1203.4066,151.42555,-285.55948,-52.96733884970479,2021-02-13 11:23:31.354936508+00:00,run0_set4
8.739952,414.24695,1597.5405,-59.785873,-308.8268,-330.7468117208924,2021-02-13 11:35:19.434276192+00:00,run0_set4
126.40442,1782.1251,6306.4946,-177.77316,-244.32414,49.36021865906673,2021-02-13 11:40:42.246048120+00:00,run0_set4
44.480656,938.42535,2874.5679,-138.21461,4.254703,-54.545276557017814,2021-02-13 11:44:59.695909924+00:00,run0_set4
19.423632,491.5474,1996.5563,195.80582,-341.30716,-41.7117616065334,2021-02-13 18:35:36.215493236+00:00,run0_set4
84.96215,1443.6781,4965.3877,142.64166,228.73291,449.2936390089691,2021-02-13 20:34:01.332935992+00:00,run0_set4
109.366974,1864.4674,6520.8394,110.76458,474.38663,294.7635883557461,2021-02-13 23:05:33.126448324+00:00,run0_set4
32.493416,1051.5142,3332.7048,273.1036,160.63293,-325.326198373828,2021-02-14 05:20:03.631163248+00:00,run0_set4
60.539062,912.98285,3113.538,-375.04205,68.78757,-130.71198912692046,2021-02-14 05:48:23.797180936+00:00,run0_set4
13.233902,527.41223,1931.1956,18.279045,-415.492,-465.04179789004775,2021-02-14 06:05:45.468447840+00:00,run0_set4
13.949058,576.03455,1967.0846,-344.74136,24.988924,-54.47716413799708,2021-02-14 07:48:15.249226628+00:00,run0_set4
86.80041,1427.8463,4485.9517,-97.610634,-292.3979,-485.67418481840286,2021-02-14 09:18:24.593330756+00:00,run0_set4
107.923904,1258.6653,4124.757,125.813995,1.5428641,-228.7768444119796,2021-02-14 10:41:22.277307968+00:00,run0_set4
5.609028,457.82904,1693.935,-309.2183,-25.415436,281.8506089164042,2021-02-14 13:15:12.329317176+00:00,run0_set4
15.4308605,654.29407,2239.9387,-397.51895,21.885532,-343.72222754433665,2021-02-14 14:25:16.488515532+00:00,run0_set4
24.03897,526.33655,1948.4467,-42.12374,216.95915,-60.96487204971913,2021-02-14 16:19:42.645714052+00:00,run0_set4
11.52991,657.5161,2157.657,229.96463,-184.33601,-425.054131889976,2021-02-14 18:36:13.627419408+00:00,run0_set4
63.77086,1342.5293,5079.897,-238.42783,440.6411,-330.46868600989114,2021-02-14 19:25:51.886260656+00:00,run0_set4
70.55573,2073.3628,7223.9346,-9.268558,450.7077,496.665826437869,2021-02-14 21:51:12.997928880+00:00,run0_set4
74.62634,1088.0688,3953.3552,-306.18573,-246.8865,228.8364427786227,2021-02-14 23:17:53.065740232+00:00,run0_set4
9.456404,564.2604,2231.317,-228.27708,337.03534,92.31645092145754,2021-02-15 01:48:41.645358284+00:00,run0_set4
20.895647,656.2209,2284.7085,-46.275932,-459.75177,-421.44984971679696,2021-02-15 04:10:37.301918508+00:00,run0_set4
6.9032135,477.232,1640.4357,-80.76337,439.57858,-346.1231903148164,2021-02-15 10:48:39.626096924+00:00,run0_set4
34.950924,1185.8541,4069.1929,28.069643,381.47043,364.1928474775174,2021-02-15 11:35:33.568326832+00:00,run0_set4
131.07367,1827.9607,6385.483,-262.5648,127.34801,192.91849381503795,2021-02-15 12:26:59.067569140+00:00,run0_set4
133.24117,2021.7495,7335.2427,74.859985,95.89813,411.46854231280463,2021-02-15 14:30:57.514901720+00:00,run0_set4
20.640766,661.8111,2397.9175,-166.26932,-200.59094,49.72916092876221,2021-02-15 15:27:23.910546096+00:00,run0_set4
14.187679,736.2999,2364.076,134.08719,130.1068,-533.5742434947133,2021-02-15 15:30:48.639291168+00:00,run0_set4
100.8598,1774.3418,6254.9536,-480.03717,43.36068,154.36118861440093,2021-02-15 15:49:05.767453868+00:00,run0_set4
8.059123,447.6468,1504.4916,-126.04843,290.92978,72.8306230466178,2021-02-15 16:15:56.685604492+00:00,run0_set4
81.598015,1549.013,5404.7207,45.23223,157.38542,-1.4062376510315744,2021-02-15 17:00:07.985847776+00:00,run0_set4
36.63549,779.69403,2734.028,-324.51224,-102.854836,-421.30794884383715,2021-02-15 18:42:15.917540256+00:00,run0_set4
23.342178,443.1378,1536.4882,193.03552,-189.41777,-489.63038115652216,2021-02-15 18:58:35.639585428+00:00,run0_set4
21.314861,589.2469,1840.3917,-99.79985,-18.295553,-300.5048976756997,2021-02-15 21:21:45.204393184+00:00,run0_set4
7.4378176,423.00497,1647.3335,102.26883,-435.5627,-331.6890335173455,2021-02-16 03:46:43.779462108+00:00,run0_set4
27.300146,901.5423,2509.0095,449.75,131.3804,-491.10047420038563,2021-02-16 03:47:52.801235944+00:00,run0_set4
28.677383,978.08514,3648.7634,-37.77521,270.8654,483.6052700906489,2021-02-16 04:10:13.926351604+00:00,run0_set4
25.233753,768.7504,2712.8298,294.8902,-30.44816,445.69503287070853,2021-02-16 06:17:26.152520256+00:00,run0_set4
14.018687,532.454,1743.109,306.99026,-48.145515,-435.98049910788063,2021-02-16 07:39:35.055957412+00:00,run0_set4
72.12369,1153.5964,3616.987,167.77257,351.67255,-495.7037385192016,2021-02-16 08:33:17.360284200+00:00,run0_set4
7.5706277,496.13937,1773.3472,406.8357,-145.7073,-408.7241794297621,2021-02-16 10:58:59.468000664+00:00,run0_set4
124.73387,1858.4617,6942.827,-431.7129,173.09372,99.1220167886097,2021-02-16 12:08:24.377987876+00:00,run0_set4
29.297743,601.6875,2205.4294,-208.80414,-19.00922,-300.0508148822282,2021-02-16 16:14:59.447145168+00:00,run0_set4
109.221176,1981.6919,6902.9653,-134.77141,250.23001,-79.4006334646565,2021-02-16 17:12:49.097396788+00:00,run0_set4
64.63194,1185.9753,4362.8726,20.616524,80.3265,-333.55644900549646,2021-02-16 17:19:23.423247236+00:00,run0_set4
25.373352,875.3973,3430.9204,-123.2477,-449.49475,391.4434911207175,2021-02-17 14:51:03.781740600+00:00,run0_set4
59.163063,770.603,2563.5925,-154.88782,-346.57254,-403.5135793746782,2021-02-17 15:20:40.094022684+00:00,run0_set4
12.9184475,498.26224,1650.766,146.62994,303.74942,-473.67504700092195,2021-02-17 15:37:52.827029992+00:00,run0_set4
18.64781,591.75854,1978.4796,-33.887363,-74.069214,-40.1224718293837,2021-02-18 02:59:25.608203980+00:00,run0_set4
20.769405,660.2859,2303.5408,113.86395,8.177148,-465.2120789375995,2021-02-18 03:31:04.012627788+00:00,run0_set4
14.525285,631.5752,2146.0125,66.594475,-274.84866,-36.206007735693106,2021-02-18 07:27:05.526937756+00:00,run0_set4
22.99966,800.7479,2561.0383,95.2025,-343.39798,-521.2742758265576,2021-02-18 10:34:45.647334948+00:00,run0_set4
3.3365664,318.71002,1213.4171,12.434244,-319.5319,-73.5486414637943,2021-02-18 11:09:50.667629064+00:00,run0_set4
24.72421,777.06433,2750.9639,-421.60443,-179.9377,74.40856075393083,2021-02-18 11:43:58.200614108+00:00,run0_set4
13.854606,578.4298,1730.1841,269.91147,295.94684,-323.92421774898526,2021-02-18 12:34:52.124055448+00:00,run0_set4
31.897219,953.9869,3607.3894,176.56955,-359.53824,39.68825515812671,2021-02-18 12:37:52.788927204+00:00,run0_set4
128.82362,2293.184,7744.0654,103.969635,403.52435,125.43611467027512,2021-02-18 13:06:57.493561836+00:00,run0_set4
7.7608624,346.3577,1206.7771,379.06772,-39.510933,105.2180782909627,2021-02-18 13:14:12.076198796+00:00,run0_set4
131.88948,2124.17,7007.7676,431.79715,179.53073,402.39823851321415,2021-02-18 17:10:42.016959356+00:00,run0_set4
6.9364505,608.0778,2180.6833,260.97482,-239.88235,-305.6587373815995,2021-02-18 17:26:31.032810844+00:00,run0_set4
56.52204,943.24615,3280.433,-348.3372,209.72028,6.8978014345759675,2021-02-18 19:01:56.603453244+00:00,run0_set4
61.95273,1552.5665,5167.5024,-372.33353,-149.96805,15.57078278987899,2021-02-18 19:54:35.916187168+00:00,run0_set4
7.1216526,444.00754,1571.7009,-50.229523,-327.5366,15.434557951837633,2021-02-18 20:54:11.016086544+00:00,run0_set4
27.370173,707.9679,2520.3435,-162.96584,202.04778,170.10083344310198,2021-02-18 21:12:34.046679892+00:00,run0_set4
52.2083,1016.1392,4012.9412,-447.29327,-63.13307,392.41409309176254,2021-02-18 22:21:31.697159052+00:00,run0_set4
97.411255,1603.2509,4835.2583,-61.133045,80.852936,57.76642637320538,2021-02-19 02:28:37.980173604+00:00,run0_set4
117.5424,1588.9623,5435.3994,190.9704,120.032,-198.64845106515475,2021-02-19 05:59:19.415730928+00:00,run0_set4
66.86111,1068.6808,3606.6934,-263.96854,-76.2159,-279.94629920128386,2021-02-19 06:30:16.574890836+00:00,run0_set4
23.322046,916.1974,2938.9812,-318.0763,-155.6065,-342.1669939766972,2021-02-19 06:33:52.717195720+00:00,run0_set4
12.136696,489.02097,1923.0916,-94.91819,-459.35825,490.73436994814926,2021-02-19 08:43:39.961852636+00:00,run0_set4
17.604599,537.66486,1847.5548,-209.5521,382.41986,-453.37754613275206,2021-02-19 09:51:39.840799908+00:00,run0_set4
12.299322,607.82324,1989.2634,-8.904136,-142.25383,-11.038468907542779,2021-02-19 11:02:31.970398556+00:00,run0_set4
69.126076,1070.2166,3878.4814,33.72839,396.854,424.93209713923045,2021-02-19 11:54:54.343342928+00:00,run0_set4
20.187199,579.61084,2144.5823,-354.66217,-282.1294,159.3333952029123,2021-02-19 11:55:17.330658284+00:00,run0_set4
3.9389212,456.27463,1602.6472,81.913826,-345.90054,-424.71356979487246,2021-02-19 12:17:37.051621596+00:00,run0_set4
13.407255,315.5752,1344.2056,-481.25836,-166.7696,421.17456202325496,2021-02-19 12:56:02.205662724+00:00,run0_set4
12.63809,485.78937,1371.3389,402.5326,165.64165,-41.024961381407934,2021-02-19 17:41:14.008648187+00:00,run0_set4
10.745331,546.686,2171.6155,-258.52393,359.1136,349.5486773880659,2021-02-19 20:55:34.953797352+00:00,run0_set4
17.277113,419.20425,1558.2311,100.32319,-231.76312,207.9656623836952,2021-02-20 00:11:37.009694356+00:00,run0_set4
83.71845,1587.5974,5471.128,99.18207,-6.4501076,129.2447341005161,2021-02-20 00:37:34.370395772+00:00,run0_set4
75.506935,1352.0138,5189.5654,107.82465,-460.19397,186.79405213809298,2021-02-20 05:34:16.370192440+00:00,run0_set4
52.271996,984.7142,3272.6653,-328.02737,-208.2953,137.79851872253295,2021-02-20 06:45:49.242673272+00:00,run0_set4
23.03931,504.88983,1829.5349,-48.04578,117.49226,59.80979894382642,2021-02-20 08:41:57.769385124+00:00,run0_set4
19.348612,397.22623,1754.7455,-158.49013,-184.70973,148.8440826737238,2021-02-20 09:19:06.975692140+00:00,run0_set4
40.536358,838.67126,3078.481,-416.563,290.24667,263.46025578081407,2021-02-20 09:26:47.110340104+00:00,run0_set4
16.762663,725.14764,2714.913,-282.2852,-307.4962,-4.312367529248377,2021-02-20 10:47:43.776097420+00:00,run0_set4
8.598094,338.75037,1187.519,62.36559,107.65844,202.18178280185373,2021-02-20 15:06:05.236869744+00:00,run0_set4
2.574747,172.68181,715.2519,5.5091095,444.70126,142.32799458740976,2021-02-20 16:35:20.288029664+00:00,run0_set4
4.3612614,400.81293,1445.5023,-361.22018,-39.305412,253.368265695913,2021-02-20 16:55:51.404274984+00:00,run0_set4
48.524323,703.7311,2839.8208,-162.47371,348.39133,-193.88625776862386,2021-02-20 21:30:06.868093536+00:00,run0_set4
6.5359597,450.34338,1480.0331,403.30652,83.30704,-369.3041169215295,2021-02-20 22:33:20.881855348+00:00,run0_set4
85.34881,1375.0074,5076.7046,203.35013,-375.35013,-91.05920918703362,2021-02-20 23:45:46.364535844+00:00,run0_set4
41.372093,1070.7994,3677.5415,219.09421,-82.90709,-510.433049132429,2021-02-21 04:15:48.277853860+00:00,run0_set4
64.63762,1037.9325,3257.1812,-60.421913,83.57678,-260.6818366882612,2021-02-21 04:31:32.334405924+00:00,run0_set4
69.269775,1674.6486,5611.87,-306.66943,-275.35492,-227.6529894981379,2021-02-21 09:37:30.840482324+00:00,run0_set4
13.874672,417.72754,1744.1969,484.33954,-50.2809,372.0371277347352,2021-02-21 10:36:12.630765912+00:00,run0_set4
132.45189,1955.9347,6886.025,391.40454,-124.53317,450.17342442131985,2021-02-21 11:27:22.888320812+00:00,run0_set4
54.17594,1172.8953,3995.1165,225.58252,-185.0717,271.6961824474009,2021-02-21 15:00:27.131985228+00:00,run0_set4
28.91316,739.2325,3057.1074,367.7767,36.060516,-174.73531595396912,2021-02-21 16:02:57.774044948+00:00,run0_set4
6.157584,265.46063,1112.8673,125.32054,103.366264,266.50261049707217,2021-02-21 18:59:05.541057248+00:00,run0_set4
50.435753,1105.1167,4414.698,-369.5524,-335.17145,374.6935120765427,2021-02-21 19:51:55.951812704+00:00,run0_set4
41.779,764.8119,2985.527,139.4478,-12.215571,-465.0985582392316,2021-02-21 20:16:07.564697744+00:00,run0_set4
9.401908,387.25244,1574.6378,193.97047,-314.48535,-187.58585900920855,2021-02-21 21:12:15.067267004+00:00,run0_set4
83.28036,1139.1178,4520.225,446.97577,-146.16481,433.5199379707576,2021-02-22 00:11:35.484428176+00:00,run0_set4
54.108906,974.1494,3579.3557,-248.95412,-225.37045,-287.0981031984577,2021-02-22 00:14:17.777097344+00:00,run0_set4
3.0380442,111.89509,478.83624,-140.95784,-14.726895,498.54459399585676,2021-02-22 00:19:32.084434252+00:00,run0_set4
38.82481,848.504,2900.9019,-238.6609,-204.83005,-396.44691590128014,2021-02-22 03:00:17.921137992+00:00,run0_set4
82.97884,1388.3464,4777.5205,190.90924,226.45494,38.03085296195627,2021-02-22 06:59:52.429719516+00:00,run0_set4
45.403557,769.5721,3025.6782,320.89322,51.015068,493.92430157228563,2021-02-22 11:19:08.219888868+00:00,run0_set4
14.127204,704.60156,2357.2454,-230.55339,-135.37665,-97.18365086397876,2021-02-22 12:58:19.715131412+00:00,run0_set4
2.91237,315.01694,1054.9684,-136.29942,187.44519,-102.95050234106498,2021-02-22 19:45:05.330666696+00:00,run0_set4
128.80106,1842.0969,6224.669,245.92351,409.33087,310.4918811146104,2021-02-23 02:17:24.041188624+00:00,run0_set4
13.988818,463.52756,1763.9183,318.5018,12.445141,-65.60219257804545,2021-02-23 04:03:03.147317200+00:00,run0_set4
39.97072,988.91284,3217.2703,-315.49042,-66.7944,-209.40453723550752,2021-02-23 04:39:31.860264224+00:00,run0_set4
26.454798,577.5612,2273.4636,-395.16202,147.5704,-111.61213162653121,2021-02-23 05:15:21.081289720+00:00,run0_set4
131.104,1739.0255,6260.3,385.01016,-139.65659,106.05245542396631,2021-02-23 05:23:32.196441340+00:00,run0_set4
43.6968,1222.7166,4165.9863,308.67,192.01617,500.74689554419285,2021-02-23 05:44:38.257929188+00:00,run0_set4
11.373031,438.90527,1626.1399,-416.62814,110.4027,438.4070040354932,2021-02-23 09:52:34.583782716+00:00,run0_set4
22.189571,753.3013,2846.035,370.91104,-18.661419,261.97313463219535,2021-02-23 10:15:56.339190896+00:00,run0_set4
29.631208,550.51904,1871.1843,96.875534,62.624706,-390.5778957956628,2021-02-23 11:27:48.326870152+00:00,run0_set4
21.547255,419.0084,1581.9978,-57.214817,-207.71529,-257.5429893783904,2021-02-23 11:42:33.378991640+00:00,run0_set4
16.045784,483.72202,1706.4651,-129.91228,25.977478,368.75070351698616,2021-02-23 13:11:41.176418024+00:00,run0_set4
8.27849,445.4543,1268.9585,-78.08536,-79.63914,-471.95520842064934,2021-02-23 14:58:18.651438860+00:00,run0_set4
98.92116,1798.5602,6095.295,188.4693,228.33926,-114.04715060652143,2021-02-23 16:34:37.488751164+00:00,run0_set4
7.915558,648.1363,2300.2622,486.41647,-30.818687,-359.60377324599756,2021-02-23 18:31:28.946653568+00:00,run0_set4
11.199957,452.1485,1712.8385,-476.85767,-32.148525,146.16499419224283,2021-02-23 19:53:09.390782868+00:00,run0_set4
17.909184,665.7797,1982.0205,-67.935036,-3.7897744,-239.2661569411681,2021-02-23 20:24:57.142500212+00:00,run0_set4
133.33464,2202.1208,7839.3394,-21.021782,-455.5217,-188.4997006310697,2021-02-23 20:59:07.386304188+00:00,run0_set4
55.86439,1225.6843,4187.33,-324.52493,-15.207776,-482.2458597276941,2021-02-23 21:45:30.320052680+00:00,run0_set4
2.4164748,294.41464,1245.7927,134.13487,244.3062,222.42819935575807,2021-02-23 21:52:48.556869884+00:00,run0_set4
39.0585,875.78046,3101.187,-47.81438,-448.70178,57.022865798895964,2021-02-23 22:43:18.011630900+00:00,run0_set4
68.48818,1218.5836,4293.522,-380.86227,183.38942,100.52399741345249,2021-02-23 22:48:23.814209012+00:00,run0_set4
46.23492,1057.1942,4259.886,-67.50511,332.51334,495.0027482067801,2021-02-23 22:51:31.110994120+00:00,run0_set4
10.568061,595.73456,2182.082,-241.42549,382.22662,-347.7351842316398,2021-02-24 02:33:49.795833208+00:00,run0_set4
38.55088,1192.6929,4537.242,-266.29605,381.93683,449.18011831060124,2021-02-24 02:59:12.493628124+00:00,run0_set4
56.23715,1198.2119,4276.643,247.31758,-306.704,-75.96095630411082,2021-02-24 03:15:14.324155744+00:00,run0_set4
11.387547,317.67282,1171.79,-135.39832,327.72772,-376.8702714677461,2021-02-24 03:32:18.181035948+00:00,run0_set4
62.900043,1296.8827,4703.623,-345.1788,2.1638453,-96.67280772132335,2021-02-24 03:45:22.398680736+00:00,run0_set4
8.562388,475.04425,1959.4148,-342.0263,-296.28787,471.40179501610606,2021-02-24 04:14:06.455818440+00:00,run0_set4
35.89006,816.51624,3290.4917,20.530317,380.20404,417.48513932630016,2021-02-24 08:00:47.729540088+00:00,run0_set4
49.629375,1174.2726,4226.8945,-195.90028,379.65552,324.6592642709169,2021-02-24 09:49:57.952004920+00:00,run0_set4
5.929553,430.5194,1667.7067,-306.62698,-265.31995,-544.0919361984936,2021-02-24 12:10:01.603821544+00:00,run0_set4
34.553276,821.68567,2786.932,-83.17394,240.3099,-104.80088972446083,2021-02-24 13:36:01.149721388+00:00,run0_set4
3.8194208,433.82364,1681.6887,134.6489,-369.5107,461.26439665185785,2021-02-24 13:56:55.472571428+00:00,run0_set4
15.841355,430.7599,1795.9282,-163.00829,478.9033,460.8273419631417,2021-02-24 18:10:45.111495348+00:00,run0_set4
17.748375,719.91534,2487.9204,79.18524,-326.85162,15.07129171706049,2021-02-24 18:39:39.130719956+00:00,run0_set4
15.138319,469.68292,1600.62,111.609184,-250.61247,-304.18864433773615,2021-02-24 20:12:59.698596148+00:00,run0_set4
23.023376,748.49243,2574.1687,84.06919,-123.08714,275.86806811241905,2021-02-24 21:13:26.610416464+00:00,run0_set4
14.042928,750.5164,2566.7866,-27.785406,-88.37594,-254.92066124609323,2021-02-24 23:57:15.702061044+00:00,run0_set4
3.5298219,321.52243,1316.4415,378.5135,27.732542,13.936084733382017,2021-02-25 00:12:25.312642388+00:00,run0_set4
46.55039,1089.9292,3632.1038,-382.13165,251.26851,-162.2593912033434,2021-02-25 01:00:43.219156812+00:00,run0_set4
13.95008,729.23645,2386.8262,-133.22308,-274.0639,-500.1764540348945,2021-02-25 03:14:56.573279108+00:00,run0_set4
88.90945,1406.8212,5098.596,14.45478,67.19868,302.68165706690297,2021-02-25 14:22:01.890060972+00:00,run0_set4
19.620485,592.09155,2101.5964,420.77258,246.06712,281.8449328814858,2021-02-25 14:54:10.683344624+00:00,run0_set4
52.625984,992.8292,4237.4478,-372.35168,320.2298,251.5349064172724,2021-02-25 17:31:26.733347924+00:00,run0_set4
50.81449,972.9605,3663.1643,-464.70837,103.42723,-5.907333341316416,2021-02-25 17:57:14.445717368+00:00,run0_set4
123.66951,2068.5942,7107.572,-23.435843,243.4987,-201.17428660383916,2021-02-25 20:09:25.316689512+00:00,run0_set4
40.62782,921.26373,3436.6965,314.38873,31.252598,-58.166586834951886,2021-02-25 20:15:33.098346396+00:00,run0_set4
69.47714,1130.0182,4032.825,-234.02254,-159.85562,83.28587936629589,2021-02-26 00:47:59.024935456+00:00,run0_set4
14.6098385,507.6407,1922.5731,-57.69109,-470.64355,100.10964686440985,2021-02-26 05:45:46.224130224+00:00,run0_set4
13.977098,429.8697,1565.7604,-131.84132,-460.20398,-260.3696547677496,2021-02-26 08:11:33.795620716+00:00,run0_set4
77.95095,1062.0751,3996.3645,323.4566,-247.34132,425.44294028188574,2021-02-26 10:02:59.874569336+00:00,run0_set4
10.914517,499.5784,1637.108,-325.33627,-208.15039,223.0128309523525,2021-02-26 10:37:21.790441024+00:00,run0_set4
11.085514,445.73334,1641.7994,-156.82175,345.215,-139.02170424744645,2021-02-26 10:42:46.307608260+00:00,run0_set4
91.89951,1407.985,5106.6562,-242.24185,367.98068,431.1870876192985,2021-02-26 13:22:58.015544104+00:00,run0_set4
78.6393,1047.0708,3744.8389,290.39148,-75.59299,449.87827060556344,2021-02-26 14:49:24.675472560+00:00,run0_set4
107.219604,1466.9647,4825.863,-179.55592,330.36514,-541.2312145996241,2021-02-26 14:56:17.451440220+00:00,run0_set4
41.829582,1141.9913,3787.9036,-416.5711,-257.86957,-253.76842615765963,2021-02-26 14:58:57.937220036+00:00,run0_set4
25.74853,955.5675,3214.123,-63.150383,164.50209,-231.44458082362382,2021-02-26 20:38:31.402190512+00:00,run0_set4
4.65188,492.4846,1698.3677,-73.48118,298.7101,-148.76745620232555,2021-02-26 21:00:07.313723112+00:00,run0_set4
8.139842,450.7123,1717.6981,131.81075,-90.48808,166.3830305715552,2021-02-26 22:31:14.543426588+00:00,run0_set4
82.54547,1174.0013,4435.6816,-427.7258,250.78825,384.98983941850577,2021-02-26 22:34:05.195971640+00:00,run0_set4
34.802917,1077.4861,3767.0618,57.534542,-448.15848,-113.45116694009027,2021-02-27 00:55:44.286616812+00:00,run0_set4
74.73201,1715.8722,6159.358,7.3484488,-72.90335,325.4539091594918,2021-02-27 01:37:43.385740708+00:00,run0_set4
85.02045,1863.3921,6337.9272,-6.726091,215.46123,215.1515225903795,2021-02-27 09:02:43.611673276+00:00,run0_set4
44.29328,1214.005,4354.1133,-14.703571,433.16724,270.01607611155686,2021-02-27 10:14:44.241178156+00:00,run0_set4
130.30498,1996.848,6497.7437,-325.33563,-289.1935,-295.2715934809422,2021-02-27 11:30:55.983997604+00:00,run0_set4
14.5869465,377.935,1432.5443,-304.30325,93.46249,351.257163898502,2021-02-27 16:20:30.249826752+00:00,run0_set4
98.27368,1435.1599,4698.7793,-73.70607,-98.437675,-537.3544827503624,2021-02-27 16:22:18.267953604+00:00,run0_set4
13.513783,392.03485,1413.6921,-349.04034,-137.45523,-110.36340394448496,2021-02-27 16:37:40.056217616+00:00,run0_set4
46.898453,1164.6405,3911.493,-329.48453,-218.28511,-2.45630411093407,2021-02-27 17:11:38.261843300+00:00,run0_set4
13.756932,566.19727,2194.72,239.49524,42.511875,484.6156043061227,2021-02-27 20:59:35.076572556+00:00,run0_set4
2.8992233,341.43127,1234.2075,-187.43045,346.03644,277.28140080709863,2021-02-27 22:49:55.369777152+00:00,run0_set4
44.018383,1142.566,4086.5518,283.1837,-236.3879,64.06114909770213,2021-02-27 23:21:53.093070640+00:00,run0_set4
10.732234,316.1319,1173.9225,178.95068,58.88772,104.6618268689603,2021-02-28 02:33:49.894769748+00:00,run0_set4
80.93111,1551.3129,5258.306,-171.08278,37.64237,-358.6615514495445,2021-02-28 02:33:51.296131508+00:00,run0_set4
122.23482,2336.534,7709.06,344.2745,-30.969124,-226.00693937180426,2021-02-28 03:17:45.570407572+00:00,run0_set4
109.778465,1596.2775,5631.128,-46.519745,194.81807,495.88820965404926,2021-02-28 03:35:56.985224696+00:00,run0_set4
62.286335,1184.871,4377.6714,-210.60016,-45.956707,73.22226945598686,2021-02-28 03:56:40.526289596+00:00,run0_set4
58.91899,1369.8995,4467.9146,-22.138744,-131.034,-335.61684968087275,2021-02-28 04:07:25.863862504+00:00,run0_set4
50.850685,1261.6908,4470.0405,-76.23995,-194.61235,-104.39789124525498,2021-02-28 05:33:37.185863804+00:00,run0_set4
72.83414,1065.5162,4011.3262,-362.91092,178.79211,383.9681531331952,2021-02-28 05:51:50.016219868+00:00,run0_set4
121.99092,2195.1113,7243.0205,-388.32684,16.355406,-502.9804152845802,2021-02-28 08:27:30.312258424+00:00,run0_set4
16.294258,346.58176,1407.4988,-13.330527,-421.0517,-99.31783999329411,2021-02-28 09:58:49.158793584+00:00,run0_set4
96.74822,1622.7374,5680.3833,157.42824,-174.42209,175.24332107916513,2021-02-28 11:13:23.921946796+00:00,run0_set4
116.34214,1458.3071,5200.769,176.64578,201.62297,212.85272844843075,2021-02-28 11:50:51.701536600+00:00,run0_set4
8.480524,387.34604,1509.6532,301.45102,10.284927,-48.77842507993148,2021-02-28 20:27:51.418267752+00:00,run0_set4
68.679245,1144.1744,4343.5464,7.8254137,296.86728,15.604838999389244,2021-03-01 02:06:38.693102804+00:00,run0_set4
30.420746,922.4268,3306.8162,-315.01492,270.8021,-84.22526314528966,2021-03-01 02:55:54.834488484+00:00,run0_set4
31.179953,756.43616,2971.1467,279.30023,-284.62418,405.61655031194243,2021-03-01 02:58:43.724387664+00:00,run0_set4
29.928953,703.9469,2759.0554,-482.05243,-66.792206,448.9133446694368,2021-03-01 03:13:08.479126244+00:00,run0_set4
33.29355,779.6409,2826.8555,-79.77841,355.2947,-25.080979295644738,2021-03-01 11:57:31.602117816+00:00,run0_set4
65.69862,1226.0896,4175.683,-182.90736,-35.586,-553.5936186518818,2021-03-01 13:21:07.361040172+00:00,run0_set4
41.407177,952.5345,3616.5903,-228.05487,-81.74595,108.8620927085704,2021-03-01 21:08:34.392167004+00:00,run0_set4
15.58036,457.12332,1686.2334,-118.559875,493.74005,44.11556239447248,2021-03-01 21:48:29.771155440+00:00,run0_set4
20.012861,575.5992,1997.2488,28.877438,-267.29333,-101.13984720209794,2021-03-01 22:24:42.080174136+00:00,run0_set4
12.04607,575.1015,1938.0485,-47.78061,-16.732737,-513.3562071154008,2021-03-02 00:11:58.708469564+00:00,run0_set4
24.792751,682.2156,2373.4397,-197.72495,183.00395,183.0762492665462,2021-03-02 02:00:12.077188620+00:00,run0_set4
94.17963,1630.3776,5348.2,-152.96199,342.05472,-490.31150534672906,2021-03-02 02:03:44.539851344+00:00,run0_set4
64.23194,1449.7677,5055.7695,124.73287,-340.73993,329.1035996120179,2021-03-02 03:08:21.204748288+00:00,run0_set4
17.67879,527.767,1975.0615,-104.2783,453.99844,112.19960124058485,2021-03-02 03:39:11.683748564+00:00,run0_set4
49.963223,706.3597,2704.5356,383.35324,45.750854,339.63264438563505,2021-03-02 05:10:54.404819972+00:00,run0_set4
37.81366,1204.4391,3880.423,-44.35425,51.596725,6.829689015555232,2021-03-02 05:15:41.224074500+00:00,run0_set4
82.9041,1445.7152,5052.9478,-4.3368683,311.73087,-254.9660695254404,2021-03-02 16:09:53.090528052+00:00,run0_set4
72.82483,1289.5181,4519.607,-52.174522,-285.6791,462.07039361026955,2021-03-02 18:06:55.319056876+00:00,run0_set4
14.899106,525.6319,2029.5583,301.73944,-198.70132,-150.555407201619,2021-03-02 20:19:23.000806888+00:00,run0_set4
10.464093,397.4285,1448.5339,-240.3606,-100.01929,-45.79850674777572,2021-03-02 22:32:07.171269740+00:00,run0_set4
16.432041,859.088,3245.342,16.3395,291.4509,199.116723945922,2021-03-02 23:06:55.759914388+00:00,run0_set4
95.573906,1759.3008,6019.604,-249.11472,398.83917,-34.962956088565306,2021-03-03 00:47:18.021832380+00:00,run0_set4
4.7397504,365.05902,1411.1482,-290.79517,58.123627,338.4747332622831,2021-03-03 01:13:24.965647404+00:00,run0_set4
8.885534,494.01904,2119.66,-68.289116,-502.86807,207.08020093642608,2021-03-03 02:51:19.412652176+00:00,run0_set4
28.708815,1044.5652,4180.267,136.21008,-376.1641,467.12206468763844,2021-03-03 07:54:39.603048060+00:00,run0_set4
14.677096,714.24084,2815.733,363.6877,-350.78525,-327.1879378270605,2021-03-03 10:55:42.993633500+00:00,run0_set4
57.03909,1096.4772,3883.3235,-426.43677,-211.29242,142.22582595887872,2021-03-03 11:11:38.057352324+00:00,run0_set4
53.365746,722.24695,2772.9321,179.34741,-253.6321,462.16121016896386,2021-03-03 16:00:06.553332556+00:00,run0_set4
73.12947,1736.7867,6277.8936,-107.819855,-318.75183,40.73832161802932,2021-03-03 16:00:31.268612488+00:00,run0_set4
93.768135,1811.1614,6021.033,214.35384,211.68549,313.30719443413284,2021-03-04 04:54:06.523594368+00:00,run0_set4
122.36743,1721.6543,6571.2866,-291.1497,-70.52455,-292.71170173274743,2021-03-04 05:10:31.944264952+00:00,run0_set4
66.34414,1403.1116,4290.195,21.56119,15.877573,-511.5625800811888,2021-03-04 05:56:51.949491356+00:00,run0_set4
29.630857,926.1194,2652.5554,305.14047,350.01642,-193.4208229053155,2021-03-04 06:35:20.958778660+00:00,run0_set4
48.466133,1351.5958,4590.2827,116.587746,-261.63156,114.27135398579799,2021-03-04 07:20:42.364244632+00:00,run0_set4
51.40601,1272.3741,4142.113,-231.63176,-209.02718,-110.53936102695513,2021-03-04 09:11:38.520358112+00:00,run0_set4
79.59964,1731.8578,5832.2886,39.899746,-304.56335,-127.85126752805081,2021-03-04 09:27:12.020934772+00:00,run0_set4
108.02052,1771.5463,6372.858,119.15515,174.0201,257.32446203403225,2021-03-04 09:58:51.673213484+00:00,run0_set4
84.602455,1798.6272,6010.1597,380.2856,183.97543,67.28513693134869,2021-03-04 11:21:04.112033784+00:00,run0_set4
5.7956867,385.58844,1252.92,-287.49368,245.08282,-272.9080159024777,2021-03-04 12:31:47.009224788+00:00,run0_set4
54.035645,992.6629,2941.4888,-369.97348,268.9953,-506.36900813086027,2021-03-04 14:52:36.632391012+00:00,run0_set4
41.07412,710.76,2575.7607,-385.71808,45.71198,120.48661222143727,2021-03-04 19:51:25.321696720+00:00,run0_set4
22.463743,541.1702,2044.2025,237.97156,32.029377,-443.89856781903745,2021-03-04 19:51:59.881857128+00:00,run0_set4
110.89311,1612.7344,5605.7554,204.55867,-123.97168,-456.55044965213324,2021-03-06 05:26:24.227418516+00:00,run0_set4
36.344345,442.61566,1710.6992,-290.99078,-204.22234,215.91211126944404,2021-03-06 06:52:51.298746240+00:00,run0_set4
16.659002,768.6944,2899.5732,215.66719,-338.349,211.2464105665258,2021-03-06 06:58:02.004436352+00:00,run0_set4
56.915176,1257.8782,4415.24,-287.2245,276.29245,-476.1781783999329,2021-03-06 07:31:36.379577924+00:00,run0_set4
42.103275,1022.40753,3606.6008,37.281364,293.7977,-312.7878372391,2021-03-06 07:40:01.728266416+00:00,run0_set4
120.96654,1836.7241,6876.013,261.4591,-334.40695,-101.88340777640735,2021-03-06 08:10:11.028588804+00:00,run0_set4
52.970432,989.3415,3589.3118,275.83777,244.71399,-396.7534217868732,2021-03-06 08:41:39.575753096+00:00,run0_set4
6.639241,272.76782,1163.5336,-25.067377,371.65155,331.16967632231257,2021-03-06 13:37:25.368596332+00:00,run0_set4
127.96787,2419.3633,8137.4834,-35.898834,-326.59607,-30.49591660779072,2021-03-06 23:45:04.633386416+00:00,run0_set4
21.67285,618.267,2547.2712,252.62697,-41.3451,-55.396681794776555,2021-03-07 01:41:17.285580356+00:00,run0_set4
10.372909,522.7271,1892.7142,189.98112,-27.54187,-429.69712845322067,2021-03-07 02:57:12.687463164+00:00,run0_set4
39.831665,1337.3256,4765.7866,-236.3627,-185.12375,338.07173478307726,2021-03-07 04:00:41.871734996+00:00,run0_set4
44.216785,1102.7905,3796.2786,35.0071,181.25284,12.131105629333433,2021-03-07 05:37:27.202338620+00:00,run0_set4
11.435765,447.17783,1573.0211,328.56522,211.98375,86.9639499934139,2021-03-07 08:38:10.146169788+00:00,run0_set4
47.932453,940.90686,3444.5596,-236.67311,-124.59202,-503.5026104970723,2021-03-07 09:52:19.347501580+00:00,run0_set4
133.67046,2006.1608,7092.382,228.50984,139.08685,-358.6501993797076,2021-03-07 10:02:56.226896832+00:00,run0_set4
32.3113,690.29144,2526.8323,-43.849255,-317.29663,404.89569387730666,2021-03-07 12:02:56.352722528+00:00,run0_set4
36.281307,840.00134,2914.6592,258.70822,-89.27409,-414.4229184878277,2021-03-07 15:24:43.594423996+00:00,run0_set4
40.242302,1007.4588,3830.9702,227.8356,-345.50262,178.5354213318326,2021-03-07 16:54:35.254903680+00:00,run0_set4
31.415403,702.0629,2298.9202,103.98955,371.49435,-258.22978960351577,2021-03-07 17:08:57.585579212+00:00,run0_set4
17.621258,596.2689,2199.2761,-292.33484,367.28745,-444.71591684728605,2021-03-08 16:26:40.077719676+00:00,run0_set5
55.493313,1427.2264,4966.4756,-45.69216,321.3421,-297.60444383240133,2021-03-08 17:36:17.223090012+00:00,run0_set5
30.587603,700.6475,2532.5469,-123.748604,-440.01318,457.52388964063755,2021-03-08 18:13:43.638131296+00:00,run0_set5
111.565216,1513.3785,4891.397,-343.53693,263.1738,-344.50552036307477,2021-03-08 18:16:25.207590032+00:00,run0_set5
99.84837,2229.9846,6834.717,32.17375,342.92883,-368.8273299883846,2021-03-08 18:23:48.054658104+00:00,run0_set5
4.857861,322.8029,1326.5402,-167.81837,-207.31235,-72.16368894370657,2021-03-08 19:58:33.543117536+00:00,run0_set5
42.824944,1135.1483,4128.4995,-249.814,105.7152,245.1493671340814,2021-03-08 21:35:39.004261400+00:00,run0_set5
18.794428,749.02936,2173.6472,41.916977,15.144631,93.76951586056595,2021-03-08 23:45:11.388700760+00:00,run0_set5
6.5009484,441.6294,1599.7133,144.22577,-271.59363,286.0679028607695,2021-03-09 00:24:04.729195216+00:00,run0_set5
52.053856,1126.88,3317.0454,281.35684,320.11432,-445.43677328192166,2021-03-09 03:52:23.494050060+00:00,run0_set5
14.52936,482.62726,1812.1552,463.27417,-147.93243,-334.7143601288484,2021-03-09 04:12:32.468051380+00:00,run0_set5
51.388393,797.8348,2730.769,73.84653,381.23993,16.978439449640177,2021-03-09 09:24:36.300966336+00:00,run0_set5
116.397675,2362.5452,8283.993,-333.95294,42.87769,494.08890658491896,2021-03-09 10:21:38.040550216+00:00,run0_set5
70.54948,1393.212,4986.0576,-278.17188,-331.275,-511.72150905890385,2021-03-09 18:03:55.992268444+00:00,run0_set5
32.961338,876.9695,3064.3022,167.01791,434.70554,-51.66752685339304,2021-03-09 18:24:51.510696616+00:00,run0_set5
131.9716,2103.055,7446.91,-351.48706,79.19328,141.0338586260164,2021-03-09 18:42:21.305375036+00:00,run0_set5
57.87218,1103.6321,3938.1948,142.22803,-21.22869,-244.28944784394503,2021-03-10 01:43:19.181598308+00:00,run0_set5
134.32022,1790.1306,6012.743,-43.859688,90.0906,258.53345747164974,2021-03-10 02:30:01.522912888+00:00,run0_set5
66.91922,1182.695,4583.151,-412.46436,69.362274,216.89406531032586,2021-03-10 13:42:56.538360696+00:00,run0_set5
124.87244,1939.6022,7042.5044,53.085705,128.7249,-193.137021159396,2021-03-10 14:28:20.197171888+00:00,run0_set5
33.593044,876.4541,2999.5725,-117.27627,389.33795,-509.42839095187355,2021-03-10 14:59:56.678245588+00:00,run0_set5
130.08508,1866.1581,6434.402,-18.017723,-457.47757,-312.60620412171147,2021-03-10 16:40:31.742599024+00:00,run0_set5
3.7307677,399.20224,1508.4641,15.889359,-95.64483,-109.00683159898927,2021-03-10 16:49:09.292613452+00:00,run0_set5
15.010601,328.96594,1598.806,-87.38633,-159.81844,-210.3864912763894,2021-03-10 17:17:57.675736916+00:00,run0_set5
10.738461,535.70557,2146.3333,219.97697,135.74342,110.57057921900639,2021-03-10 17:42:10.134114080+00:00,run0_set5
129.84006,2132.2673,7824.891,-450.84357,75.34039,381.0563472200601,2021-03-10 18:48:50.143110184+00:00,run0_set5
36.672092,980.73114,3666.511,421.61462,-193.04959,-496.9240860266557,2021-03-10 19:59:12.364553948+00:00,run0_set5
66.775604,1428.271,5243.782,8.538084,62.70201,362.9668239351447,2021-03-11 00:50:02.161151756+00:00,run0_set5
21.669447,583.3906,2117.2124,-217.91829,54.45806,187.50355650289197,2021-03-11 02:31:26.896189120+00:00,run0_set5
31.2253,889.63226,3182.1897,-236.14665,333.34314,-19.22898729478254,2021-03-11 03:36:05.693061912+00:00,run0_set5
11.242048,578.1987,2079.8364,-229.2931,-8.486429,-172.8508723610629,2021-03-11 05:40:17.402816108+00:00,run0_set5
20.260807,409.17007,1568.7874,64.52657,494.48093,149.69548791148264,2021-03-11 06:37:14.216904052+00:00,run0_set5
68.10363,1049.2845,3643.2078,38.32284,-244.68916,-75.61471817408903,2021-03-11 07:30:39.041218584+00:00,run0_set5
4.7335043,441.81342,1723.3431,164.6601,-232.56262,506.0369600881342,2021-03-11 12:18:03.563418192+00:00,run0_set5
117.55711,1747.7051,6734.021,427.94357,3.0982475,76.10001915961152,2021-03-11 12:53:13.876740608+00:00,run0_set5
117.23889,2034.1238,6791.596,267.89987,96.09552,-383.9653151157361,2021-03-11 16:49:00.667454700+00:00,run0_set5
58.601738,1315.846,4384.7544,193.26627,399.03522,146.443119903244,2021-03-11 23:00:08.833911456+00:00,run0_set5
91.112885,1809.0566,6450.623,188.04643,440.0536,455.474841035098,2021-03-11 23:58:46.100358652+00:00,run0_set5
46.99993,902.0556,3397.7766,210.12607,-315.7309,-405.9656264594237,2021-03-12 01:44:24.585750212+00:00,run0_set5
3.522534,443.32623,1690.2162,-85.542534,-373.003,-144.59557053730748,2021-03-12 03:34:53.755435164+00:00,run0_set5
3.7452302,405.80322,1560.6703,-499.75653,74.34826,-106.64560107293823,2021-03-12 07:39:12.963536380+00:00,run0_set5
47.20051,1036.1934,3983.7083,128.07983,-33.199043,-385.7248859404376,2021-03-12 13:01:13.640669868+00:00,run0_set5
122.99424,2214.2583,7591.543,-171.75189,305.5413,189.00770575626586,2021-03-12 15:10:24.843765056+00:00,run0_set5
33.260082,798.0188,2646.0623,-424.1958,256.2556,107.01738136009294,2021-03-12 15:46:31.959343208+00:00,run0_set5
108.0784,1861.6466,6562.32,66.618034,291.56833,429.7794309595373,2021-03-12 17:07:57.601112004+00:00,run0_set5
33.04558,858.6022,3181.475,280.25195,-193.45518,-399.6084673508245,2021-03-12 17:30:36.800925252+00:00,run0_set5
42.80373,1026.1523,3587.5276,-237.19867,87.24955,46.97060795842367,2021-03-12 18:29:52.626157628+00:00,run0_set5
87.51386,1638.0482,5253.2197,45.74948,-47.729218,25.106521452777542,2021-03-12 21:24:27.470534996+00:00,run0_set5
98.0648,1446.4917,4931.265,-84.000244,225.42091,-351.98653438551537,2021-03-12 23:58:21.535032812+00:00,run0_set5
76.03488,1271.8004,4244.8794,28.44249,-15.434133,-323.6744722125759,2021-03-13 01:02:10.718972480+00:00,run0_set5
43.564175,1227.7024,4161.454,203.96295,-214.44421,-525.4064292471469,2021-03-13 05:24:02.363830288+00:00,run0_set5
44.27296,944.1011,3327.0774,459.99808,29.12235,-407.19165000179623,2021-03-13 08:41:30.007394144+00:00,run0_set5
79.37791,1261.6287,4505.4883,272.11597,-31.387806,-461.1537139709492,2021-03-13 09:06:30.515355940+00:00,run0_set5
48.427143,971.46906,3827.6797,208.75293,18.257273,268.8297848136129,2021-03-13 09:58:37.991715340+00:00,run0_set5
83.42375,1292.1223,4600.595,-176.67879,290.85593,-434.92475661305957,2021-03-13 12:13:40.523498348+00:00,run0_set5
11.025166,495.8702,2005.8326,402.60342,-197.44067,210.4063573986038,2021-03-13 13:32:06.829352752+00:00,run0_set5
65.19,800.18054,2675.116,348.3013,364.13318,-65.15946185441089,2021-03-13 15:55:59.863242500+00:00,run0_set5
63.938175,1260.1364,4889.6143,-496.14157,77.96812,-401.36803817552607,2021-03-13 17:40:36.386816812+00:00,run0_set5
95.82091,1413.7714,4389.8823,341.78717,274.1075,-409.0420373851921,2021-03-13 22:10:15.009199664+00:00,run0_set5
83.03169,1605.711,5298.126,424.93103,-9.587591,-149.63588954483942,2021-03-13 22:29:48.054246964+00:00,run0_set5
18.187689,711.2813,2220.8142,265.3084,349.43784,-534.5505215006767,2021-03-14 00:57:06.318195092+00:00,run0_set5
16.379625,438.98657,1820.1404,342.89627,63.09506,322.8088768875211,2021-03-14 01:31:58.597015716+00:00,run0_set5
66.508286,1386.8442,4732.994,276.2509,256.89978,359.20928881916916,2021-03-14 06:25:23.639609972+00:00,run0_set5
68.52425,1374.4459,4526.163,152.2696,-129.443,198.32207905734714,2021-03-14 08:49:39.896183656+00:00,run0_set5
21.815868,543.681,1980.3392,-266.73206,-328.6232,-374.39552024332716,2021-03-14 09:05:35.938050340+00:00,run0_set5
26.631664,1210.113,4165.7046,44.723278,404.64273,-39.378911255074286,2021-03-14 14:53:43.193365500+00:00,run0_set5
42.39351,1016.191,3682.2075,-138.67464,-215.09073,43.616071321653976,2021-03-14 17:29:12.333842840+00:00,run0_set5
6.8968325,372.1043,1466.1292,11.593666,-421.88803,-25.27964051778838,2021-03-14 19:33:35.179753168+00:00,run0_set5
43.99865,1263.4929,4250.844,288.07108,-118.152916,-551.0450789735237,2021-03-14 21:49:17.145293844+00:00,run0_set5
21.33047,689.9205,2515.045,-72.62848,480.70798,101.73299285106998,2021-03-14 23:36:40.773773264+00:00,run0_set5
89.01608,1436.8655,4997.768,405.03857,87.35425,463.0239674765594,2021-03-14 23:52:22.618595212+00:00,run0_set5
8.776815,469.71777,1785.618,-12.618752,-487.41724,402.76718078290963,2021-03-15 03:05:08.178598924+00:00,run0_set5
26.410374,579.19147,2205.2852,12.475544,-204.33904,-541.6115089391562,2021-03-15 03:16:36.551230636+00:00,run0_set5
61.603863,1036.1068,3660.6409,-291.93625,247.86461,-458.36678082601884,2021-03-15 04:29:58.535414860+00:00,run0_set5
81.094894,1470.4197,5296.382,127.57463,-119.206924,-82.77219820618132,2021-03-15 07:22:10.010868880+00:00,run0_set5
20.903975,827.7508,2650.279,214.84131,-23.26051,-293.2566010849131,2021-03-15 08:43:13.873692788+00:00,run0_set5
46.99992,975.2367,3543.7551,250.63242,-355.47147,-229.62824964973845,2021-03-15 09:25:23.266540780+00:00,run0_set5
34.943905,822.38666,2894.022,-139.44637,174.83742,134.91509298398984,2021-03-15 11:36:14.036398876+00:00,run0_set5
72.186714,1464.0591,5441.3936,49.486996,88.06726,78.61450262845926,2021-03-15 14:32:47.890007328+00:00,run0_set5
2.9268315,128.56023,432.2475,-299.90903,388.41516,-176.45515453424196,2021-03-15 18:16:26.171235268+00:00,run0_set5
32.938484,962.8998,3341.5,394.8492,222.17148,404.6516243758158,2021-03-15 19:30:49.586666740+00:00,run0_set5
94.20217,1836.0344,6489.962,-288.25778,-66.165146,-165.26201367517274,2021-03-15 22:34:23.475180164+00:00,run0_set5
118.36509,2053.2673,7184.3286,-222.18457,315.076,-173.15170221173764,2021-03-16 04:50:47.921508912+00:00,run0_set5
36.046337,944.9588,3294.3677,238.4586,-237.62483,361.36618208815815,2021-03-16 07:36:27.315033196+00:00,run0_set5
63.400574,1236.9406,4127.028,-389.50296,272.47272,-107.78648409153493,2021-03-16 17:45:09.850854428+00:00,run0_set5
78.592636,1108.8218,3759.4946,132.48302,256.86688,89.41032104324086,2021-03-16 19:30:56.009414764+00:00,run0_set5
95.09757,1409.7167,4988.315,358.28696,181.40959,-402.32728807673425,2021-03-16 23:02:00.261207296+00:00,run0_set5
11.687532,453.75565,1588.5026,257.6035,-200.96582,63.34029266306629,2021-03-16 23:27:13.922543316+00:00,run0_set5
3.179801,353.5589,1356.4282,398.6774,11.456814,-225.95585505753877,2021-03-17 00:21:32.405304300+00:00,run0_set5
16.114656,625.2768,2255.2634,104.252174,186.58414,490.01351351351354,2021-03-17 01:28:39.647636264+00:00,run0_set5
39.694176,1002.75757,3699.1763,-425.092,109.55583,-37.92017028104749,2021-03-17 05:37:17.900892100+00:00,run0_set5
33.844475,669.5529,2271.2039,180.97626,364.5642,-15.034397490090896,2021-03-17 06:00:02.296851072+00:00,run0_set5
20.296862,939.57605,3812.4668,344.76285,-353.56567,-12.656138859284624,2021-03-17 07:16:24.893865104+00:00,run0_set5
26.375805,718.9421,2574.5093,-285.7921,143.73656,356.97860709624115,2021-03-17 08:30:44.002765428+00:00,run0_set5
20.902752,662.1971,2242.4343,-177.82735,-64.29521,-293.00685554850384,2021-03-17 10:31:56.713915620+00:00,run0_set5
76.319145,873.8282,3343.4783,429.12482,-66.14052,-360.6878959154104,2021-03-17 12:00:43.809865476+00:00,run0_set5
40.71316,868.2998,3291.4153,355.085,21.024172,-74.11056892071508,2021-03-17 13:17:15.300910656+00:00,run0_set5
98.894844,1876.286,6450.14,323.38858,183.11873,465.6917038882037,2021-03-17 13:55:20.486163540+00:00,run0_set5
8.253842,516.7754,1729.0664,-227.64969,-381.82117,99.99612616604202,2021-03-17 14:06:38.963152216+00:00,run0_set5
122.6048,2312.7725,8245.048,-275.99802,-279.64777,445.58718820725915,2021-03-17 16:33:23.166598040+00:00,run0_set5
49.88552,659.07764,2456.8923,-426.07178,48.062588,-419.2134919589505,2021-03-17 21:20:21.687190868+00:00,run0_set5
14.024962,496.12125,1814.1539,-232.45972,301.16095,74.06799865882726,2021-03-17 21:25:43.609553188+00:00,run0_set5
104.34163,1311.6033,4787.1274,-308.99887,173.07837,346.7787723478906,2021-03-18 01:43:38.767087196+00:00,run0_set5
25.78228,564.3336,2019.5166,111.8176,264.3926,-392.14448143313905,2021-03-18 07:09:08.825964284+00:00,run0_set5
44.17332,1240.7112,4495.7993,-116.67227,355.13953,194.0650528685531,2021-03-18 07:58:48.414537396+00:00,run0_set5
41.785122,965.0609,3404.9849,32.223667,-271.06723,-252.94540109449292,2021-03-18 08:03:10.523740420+00:00,run0_set5
4.7966394,672.04376,2352.8076,43.74343,36.808704,43.746620124776996,2021-03-18 08:52:28.885906200+00:00,run0_set5
35.4259,594.0836,2427.535,348.13736,-350.04785,-379.765049276126,2021-03-18 09:34:14.607596216+00:00,run0_set5
104.10138,1841.7981,6444.3174,92.16616,251.18518,353.646774599145,2021-03-18 09:58:00.515176444+00:00,run0_set5
31.244343,795.16797,2571.7378,40.857796,40.24243,-394.664640936905,2021-03-18 09:58:55.516319696+00:00,run0_set5
123.36137,2053.6577,7135.504,96.253136,-470.08923,267.5753810966483,2021-03-18 13:43:14.729729656+00:00,run0_set5
48.737335,943.67163,3479.599,-319.8382,-29.014494,415.35095019698474,2021-03-18 14:19:02.055221704+00:00,run0_set5
111.67543,1237.8943,4689.5493,362.73026,-152.07462,284.79079500413127,2021-03-18 15:12:07.165238136+00:00,run0_set5
110.82424,1671.2704,6486.954,280.31186,-401.15384,350.6611802320708,2021-03-18 16:02:01.781567356+00:00,run0_set5
17.451103,587.7456,2037.9302,-322.24707,60.786053,-139.64606808846952,2021-03-18 16:20:39.776381812+00:00,run0_set5
116.41359,1955.6506,6272.0312,12.961769,-341.98868,-527.8471242620556,2021-03-18 18:51:06.381375436+00:00,run0_set5
18.131632,629.59766,2281.5652,163.79451,344.85706,-421.14334383120377,2021-03-18 18:55:38.548339980+00:00,run0_set5
15.01078,491.61682,1816.9524,166.32808,318.98727,430.9884263971548,2021-03-18 19:21:18.040642020+00:00,run0_set5
48.81414,1023.1826,3926.501,405.21548,-135.63214,-193.10296494988575,2021-03-18 19:22:13.065412900+00:00,run0_set5
66.40849,1264.2908,4910.4414,-112.362915,356.20303,498.80569160210274,2021-03-18 22:29:27.301573744+00:00,run0_set5
8.058404,348.2968,1414.8792,-318.42926,-126.79233,105.47349986229034,2021-03-19 01:50:01.763110028+00:00,run0_set5
23.755787,544.24274,1945.4058,331.60568,368.1967,-300.85681184064003,2021-03-19 07:55:23.862800532+00:00,run0_set5
117.48802,2014.4315,6828.1416,-76.616486,414.00626,-451.5725670287036,2021-03-19 09:30:53.592616420+00:00,run0_set5
60.852707,1198.2566,4507.789,160.86336,393.06378,-211.2322204792298,2021-03-19 10:58:12.557707944+00:00,run0_set5
85.15845,1469.0292,5695.072,-449.1108,210.21162,-209.2739884323845,2021-03-19 11:20:51.087976580+00:00,run0_set5
58.519653,917.61066,3118.763,293.20737,-156.8255,-267.26603719359593,2021-03-19 18:12:19.719199916+00:00,run0_set5
14.211149,448.01254,1723.3918,447.3248,-122.67058,380.5795602869152,2021-03-19 23:29:18.607156400+00:00,run0_set5
63.231308,1196.0613,4325.1797,-182.02213,333.2138,172.05338945502882,2021-03-20 00:02:47.937717252+00:00,run0_set5
10.77512,583.5026,2171.2053,328.25876,-39.040894,-348.15521081560075,2021-03-20 02:49:23.991285472+00:00,run0_set5
22.702747,478.91006,1611.2115,-5.9856157,-86.5731,-271.9090337568406,2021-03-20 04:03:23.839661168+00:00,run0_set5
2.3429058,185.92726,751.29584,158.79587,-212.10999,114.401902788921,2021-03-20 04:34:28.750781696+00:00,run0_set5
36.65038,931.18823,3381.5452,-292.16492,-0.04684978,-382.3022368846472,2021-03-20 05:13:46.113380212+00:00,run0_set5
47.000587,671.0694,2835.6914,-286.98935,-379.23755,-370.4790561496367,2021-03-20 05:56:18.471819092+00:00,run0_set5
85.48193,1411.2421,5006.982,-36.31188,-230.13524,266.23016082098934,2021-03-20 07:25:25.756674924+00:00,run0_set5
95.67351,1585.5098,5336.9043,311.67786,256.96902,-403.8825216443737,2021-03-20 10:34:06.471200328+00:00,run0_set5
4.7784486,559.70294,2017.6086,-344.359,-242.16545,-68.31533726903683,2021-03-20 13:33:43.097090108+00:00,run0_set5
17.730755,375.80002,1384.2052,140.39786,-205.9242,-132.54534840556096,2021-03-20 13:45:46.969153904+00:00,run0_set5
39.431583,1184.9592,3863.2527,24.420881,299.76303,-391.28740016046174,2021-03-20 14:59:36.563411532+00:00,run0_set5
19.695377,445.01697,1689.7662,12.0527115,192.88844,-477.6880036882253,2021-03-20 18:42:31.175223952+00:00,run0_set5
22.040186,486.83444,1900.5195,82.238754,-23.100481,-480.59980960136045,2021-03-20 21:25:58.695462524+00:00,run0_set5
105.316505,1832.8613,6457.0947,171.64967,342.36288,216.32078578356828,2021-03-20 23:18:10.910317468+00:00,run0_set5
87.01176,1451.0681,4988.6797,-78.66945,-433.93484,136.30572153899578,2021-03-21 00:30:51.765278496+00:00,run0_set5
12.96973,664.23724,2695.0051,371.98514,-269.75073,448.14707995545393,2021-03-21 02:47:05.557239964+00:00,run0_set5
35.279488,894.8838,3206.4604,226.29422,-309.4767,-178.13526087008586,2021-03-21 04:01:14.146182164+00:00,run0_set5
104.4243,1217.9882,4795.718,61.157345,90.83571,373.98400771174363,2021-03-21 04:29:31.153238220+00:00,run0_set5
115.55705,1827.846,5739.507,-82.58632,10.960646,293.4751284292711,2021-03-21 04:50:19.207204600+00:00,run0_set5
26.27369,982.8766,3374.4421,-238.45308,287.93896,-384.2377647918189,2021-03-21 08:38:25.369736516+00:00,run0_set5
92.683174,1629.5647,5692.414,250.02644,-19.9319,-378.00547845142444,2021-03-21 09:58:38.005788900+00:00,run0_set5
17.939026,531.701,2030.5914,-279.60947,109.20109,401.2062711803518,2021-03-21 12:22:20.290512800+00:00,run0_set5
3.5049412,234.88235,1055.5312,-134.04771,210.73172,310.1626710893437,2021-03-21 15:26:21.118670056+00:00,run0_set5
16.133253,787.5304,2876.8018,152.09818,255.6014,-105.65797099713802,2021-03-21 17:57:15.841646908+00:00,run0_set5
86.820335,1610.4418,5482.2427,93.91046,269.6984,5.8250308349997795,2021-03-21 21:47:54.417513507+00:00,run0_set5
3.8617053,385.3242,1517.4401,160.41533,-400.24237,84.59704343244442,2021-03-21 22:50:10.120212900+00:00,run0_set5
5.063255,288.88797,1311.6786,-214.92638,129.12943,502.93216898777376,2021-03-21 23:38:11.102782788+00:00,run0_set5
3.4329195,407.4838,1425.5519,155.18985,73.67926,409.2719167993869,2021-03-22 01:13:59.398205880+00:00,run0_set5
126.95709,1942.8531,6852.8945,-478.52884,-126.78214,-415.961123950712,2021-03-22 02:49:33.559276132+00:00,run0_set5
3.3316352,68.28938,205.8974,-231.2818,-244.25226,-236.28623860901223,2021-03-22 05:05:34.736793236+00:00,run0_set5
33.238308,928.15,3387.5112,239.87486,7.941886,383.79219605072507,2021-03-22 05:31:14.737972512+00:00,run0_set5
31.474005,744.89655,2903.6912,288.4606,97.47328,490.41651199271934,2021-03-22 07:27:56.003401624+00:00,run0_set5
122.116684,1835.5602,5715.653,-64.94554,182.6109,-532.2574033936462,2021-03-22 07:45:28.695318856+00:00,run0_set5
12.459837,379.7038,1265.4813,142.9093,-201.40584,388.264911566418,2021-03-22 09:04:37.321656008+00:00,run0_set5
4.238118,421.50797,1621.2582,-174.96046,262.12344,356.7061574201583,2021-03-22 11:53:00.666416092+00:00,run0_set5
107.77512,1452.4672,5194.434,-287.36606,358.6957,-367.40264522386815,2021-03-22 12:59:19.920716924+00:00,run0_set5
2.0424762,493.01996,1775.5938,-9.956519,297.35544,-152.7463566801183,2021-03-22 16:52:41.187640236+00:00,run0_set5
39.648373,943.0748,3754.3213,-189.19652,-166.11362,386.15342657677616,2021-03-22 17:27:33.175483816+00:00,run0_set5
91.63039,1982.8278,7221.625,85.52719,379.19562,299.89472392197246,2021-03-22 23:19:01.962186640+00:00,run0_set5
80.4491,1376.8593,4945.2085,-491.028,-4.144778,-186.81391826030733,2021-03-23 00:13:33.351394580+00:00,run0_set5
41.753407,1111.0143,3768.308,169.4922,-233.28465,-471.65437856997437,2021-03-23 00:35:58.113640252+00:00,run0_set5
38.883873,860.5374,2998.364,-230.1536,392.66904,-327.99961082039067,2021-03-23 01:58:51.165365432+00:00,run0_set5
25.450888,755.87714,2947.3137,-434.5197,167.81197,-280.1052281789987,2021-03-23 04:16:19.618660708+00:00,run0_set5
67.678024,1071.2473,3961.3542,-242.29628,-30.002565,282.95743572549065,2021-03-23 07:09:39.450739764+00:00,run0_set5
7.376807,332.47443,1255.8004,257.64294,-43.95424,150.41066831119997,2021-03-23 16:23:35.211750516+00:00,run0_set5
133.03891,2197.5698,7396.205,57.72029,360.7043,-410.8981008035063,2021-03-23 17:38:35.348661900+00:00,run0_set5
76.14904,1267.3344,5017.0156,402.4386,-229.04713,445.97883461662815,2021-03-23 18:17:11.837569896+00:00,run0_set5
33.474487,1132.7736,3874.6765,-157.11125,482.24768,47.9979702786527,2021-03-23 20:46:54.702717944+00:00,run0_set5
6.4774194,471.86166,1873.6152,503.65796,-39.677708,338.57122585589576,2021-03-23 22:16:45.289436500+00:00,run0_set5
14.946734,568.4809,2114.168,34.144573,-296.65408,-92.41010549761097,2021-03-23 23:03:53.298965864+00:00,run0_set5
31.81799,782.44055,2628.1516,404.60254,181.69055,62.670520542695954,2021-03-24 01:15:29.091498292+00:00,run0_set5
62.164623,1495.7218,5273.1953,-15.284226,480.5041,42.16300638254563,2021-03-24 05:08:54.427381032+00:00,run0_set5
40.021664,707.0487,2808.2378,-91.882774,255.67583,435.6881833095834,2021-03-24 06:10:15.157709516+00:00,run0_set5
56.541183,1262.1608,4501.7036,313.0311,106.75853,-268.7474823072963,2021-03-24 08:05:54.612801096+00:00,run0_set5
33.002842,937.7954,3366.5964,-185.40933,-324.72287,175.73713611706523,2021-03-24 11:29:11.020544196+00:00,run0_set5
18.595413,674.6586,2749.2637,265.30573,-379.98093,252.30117113125533,2021-03-24 12:27:45.325253415+00:00,run0_set5
38.23989,576.2259,2297.4253,-44.95833,-458.61646,303.0222191620065,2021-03-24 16:11:55.516310240+00:00,run0_set5
16.722582,747.36206,2542.7996,39.716976,-372.89474,-534.7321546180651,2021-03-24 16:56:16.562679692+00:00,run0_set5
24.52968,988.58527,3397.1487,173.83427,200.20332,-64.48401369912222,2021-03-24 17:25:40.289725124+00:00,run0_set5
33.70304,968.6154,3405.9612,309.9591,-39.688854,-18.519482929983496,2021-03-24 17:39:09.965554048+00:00,run0_set5
91.06266,1467.2466,5172.642,257.05402,88.11447,27.77993389934022,2021-03-24 17:43:21.861768124+00:00,run0_set5
128.95604,2125.4038,7332.041,-233.01836,0.9368178,-83.36250583769413,2021-03-24 18:58:44.521830004+00:00,run0_set5
76.212975,1287.3031,4572.342,56.745926,-339.84677,214.334173562131,2021-03-25 01:04:45.542757076+00:00,run0_set5
2.7102942,212.9616,739.1931,35.198475,-121.53337,-131.54636625992407,2021-03-25 01:18:01.175320564+00:00,run0_set5
11.446769,540.2178,2059.2646,-359.54886,-83.40424,160.2302087200182,2021-03-25 04:35:52.165965900+00:00,run0_set5
33.37938,1030.426,3504.0261,282.4964,-137.53548,-546.8107569244034,2021-03-25 09:10:36.975897700+00:00,run0_set5
29.137901,732.3674,2709.8972,62.73951,-141.06317,-189.02757187848033,2021-03-25 17:52:28.763873036+00:00,run0_set5
5.5395722,433.39902,1717.3767,272.57928,-59.440784,-285.87775569100336,2021-03-25 22:24:19.940070836+00:00,run0_set5
6.957421,734.3321,2955.028,196.11966,14.186676,337.7765809673209,2021-03-25 23:05:22.039804220+00:00,run0_set5
29.622665,896.56464,3310.5874,-148.43542,-131.2069,-25.586146403381576,2021-03-25 23:16:57.476382872+00:00,run0_set5
63.220222,1188.969,4217.5054,-54.41187,-194.84378,-536.0660228238874,2021-03-26 01:13:51.788195096+00:00,run0_set5
23.548918,840.4973,2946.2217,78.82013,-359.81662,-467.0227340765666,2021-03-26 06:22:34.289865892+00:00,run0_set5
111.02887,1926.782,6506.5386,253.67953,145.4585,-460.25122441892495,2021-03-26 06:28:32.368456964+00:00,run0_set5
69.85784,1133.5762,4149.6587,-141.422,-161.99481,255.7351722568825,2021-03-26 10:22:24.526145192+00:00,run0_set5
66.08948,1278.997,4305.277,467.29666,105.39127,-178.43609072076072,2021-03-27 15:06:22.636473748+00:00,run0_set5
24.0171,779.5489,3198.79,107.421104,-414.25015,348.390766264714,2021-03-27 16:11:48.812116812+00:00,run0_set5
2.09704,260.87817,1026.9753,144.44736,-434.24106,-120.77325198481594,2021-03-27 16:29:19.881995164+00:00,run0_set5
115.68365,1809.9706,6547.531,-461.40753,28.495611,469.3754505502401,2021-03-27 23:55:17.582196616+00:00,run0_set5
9.742868,406.1582,1493.6716,365.4376,-156.27533,-444.2618340538145,2021-03-28 00:51:48.619047548+00:00,run0_set5
3.7656627,299.65295,1173.65,311.0407,-268.6781,-136.52424888335406,2021-03-28 02:04:16.109236712+00:00,run0_set5
22.779129,836.4237,2897.356,358.71564,231.6654,394.85478810667115,2021-03-28 03:31:29.284138692+00:00,run0_set5
117.43409,2290.6887,7802.207,42.047646,-381.1034,-460.7336873869883,2021-03-28 06:10:51.458397188+00:00,run0_set5
124.983246,2255.6125,7742.9233,-352.01404,250.90611,-234.69127279694408,2021-03-28 06:49:35.045559116+00:00,run0_set5
2.0215952,323.76004,1145.9685,93.681114,-422.88998,-508.12290292064336,2021-03-28 12:24:30.765581412+00:00,run0_set5
101.17793,1822.6289,6136.38,316.00113,-132.89966,-181.91550012573498,2021-03-28 18:50:39.214386632+00:00,run0_set5
42.141495,719.1576,2683.0786,145.85742,-49.78197,-153.45018500999902,2021-03-28 21:15:33.313928820+00:00,run0_set5
96.93525,2119.2363,7225.346,137.5062,440.14297,433.6221065992887,2021-03-28 22:55:56.921342200+00:00,run0_set5
65.57959,1018.81946,3837.2722,-168.56624,460.69962,-154.78405321582113,2021-03-28 23:33:54.303111972+00:00,run0_set5
24.65337,790.12994,2927.6143,-32.012806,-289.16525,201.01251960866495,2021-03-29 00:51:58.932804348+00:00,run0_set5
50.86511,1048.0153,3932.7537,-257.42,144.19371,348.38509022979554,2021-03-29 05:42:50.032569792+00:00,run0_set5
6.834477,523.84406,1777.6757,-295.92203,25.823296,-286.68375264941506,2021-03-29 08:07:43.151759972+00:00,run0_set5
99.82164,1733.1875,5799.8916,16.93002,-353.34308,-240.40136392484646,2021-03-29 09:02:53.956138648+00:00,run0_set5
112.05749,1457.3522,5186.0225,26.996408,-271.1569,300.0025685854219,2021-03-29 10:23:08.639230008+00:00,run0_set5
63.49303,1214.4238,4484.81,177.4086,-128.8062,203.57808739177818,2021-03-29 13:28:34.091657172+00:00,run0_set5
45.96033,960.198,3581.3926,280.3811,-166.43375,245.41614077524576,2021-03-29 13:39:38.445423328+00:00,run0_set5
84.69349,1407.8798,4771.438,276.31158,-274.6583,107.99933540097476,2021-03-29 14:11:28.924112028+00:00,run0_set5
13.097443,521.4048,1963.0127,-364.83313,5.717166,186.7145876492354,2021-03-29 14:22:11.438926180+00:00,run0_set5
10.287157,523.0709,1823.1947,-422.38904,-209.54266,-465.8194146738674,2021-03-29 19:36:04.395928440+00:00,run0_set5
2.8850846,506.23312,1803.1847,350.5311,-244.51628,-190.89498736663109,2021-03-29 20:14:59.870535032+00:00,run0_set5
56.478962,1020.84283,2966.9648,430.36212,125.37014,43.57633907722527,2021-03-29 20:49:03.235398780+00:00,run0_set5
80.8037,1278.0204,4264.0215,-142.03922,-258.78265,-531.5081667844186,2021-03-29 22:39:34.080644472+00:00,run0_set5
77.52115,1416.9692,5293.4863,114.187996,15.178095,249.25314038007878,2021-03-30 07:10:43.568671236+00:00,run0_set5
71.33273,1908.2911,6309.306,432.84235,97.44737,400.76354045671724,2021-03-30 12:10:18.011620400+00:00,run0_set5
65.391014,1060.034,3641.7065,190.68474,175.8035,-193.15404926415113,2021-03-30 15:19:53.142944672+00:00,run0_set5
43.23694,550.77576,1799.8043,-65.21072,41.811153,311.5362715395945,2021-03-30 15:28:43.707889288+00:00,run0_set5
123.586105,1995.7373,7157.917,-236.70792,388.66858,386.29532744973596,2021-03-30 15:40:09.264442528+00:00,run0_set5
44.837967,778.643,3098.9324,367.12292,-298.42548,-19.495760935947033,2021-03-30 16:10:43.503864288+00:00,run0_set5
40.376217,989.3816,3683.9097,-149.30905,408.31723,-200.07313582967117,2021-03-30 16:43:29.894046524+00:00,run0_set5
29.90962,584.615,2073.3677,139.17163,332.0158,380.88039013759,2021-03-30 18:50:17.439972132+00:00,run0_set5
79.9206,1529.3514,5735.742,380.03198,36.79739,-105.50471805434142,2021-03-30 19:00:21.287082116+00:00,run0_set5
42.02572,1059.5664,3607.915,404.10574,-74.57972,-51.485893736004414,2021-03-30 19:16:54.214243600+00:00,run0_set5
2.5498016,694.86017,3284.17,-300.48846,399.59027,209.67982492904963,2021-03-30 19:43:47.502009564+00:00,run0_set5
35.045612,944.32355,3647.3472,-68.80328,-379.7362,249.94561664012264,2021-03-31 01:14:11.674869148+00:00,run0_set5
73.60932,1398.1212,4714.2837,-178.95059,293.04663,-249.63059670215193,2021-03-31 05:37:14.024537904+00:00,run0_set5
15.992836,486.54276,1670.2441,9.932951,2.0661454,227.16201247769703,2021-03-31 06:28:08.094282596+00:00,run0_set5
36.1181,1577.4183,5037.7773,-72.69388,395.2406,-479.89598127147974,2021-03-31 07:17:38.218229676+00:00,run0_set5
73.25593,1258.0128,4316.5103,251.1955,275.04578,79.40347148211572,2021-03-31 13:24:42.763118780+00:00,run0_set5
6.926957,272.65854,1363.459,93.30649,-418.0112,204.33300003592427,2021-03-31 14:08:41.028332084+00:00,run0_set5
67.38198,1298.8921,4070.009,440.0977,196.54645,-121.1251661497563,2021-03-31 14:45:40.511476164+00:00,run0_set5
113.47178,2553.7751,8762.385,15.778795,-25.116186,508.2165574967968,2021-03-31 15:03:13.126138456+00:00,run0_set5
18.41672,483.946,1839.1757,-121.24314,-438.98337,-401.22613730256626,2021-03-31 16:27:20.260513008+00:00,run0_set5
15.763748,476.2807,2003.5298,-249.66772,441.4937,-30.785394388628674,2021-03-31 19:11:25.670747076+00:00,run0_set5
98.58847,1498.1085,5519.6567,104.20112,-236.77872,211.4677759283431,2021-03-31 19:23:20.403763296+00:00,run0_set5
27.917593,850.4096,3169.1497,112.64328,482.84732,440.49578488546143,2021-03-31 20:14:59.259407848+00:00,run0_set5
100.48871,2218.6387,7098.783,339.27155,249.11221,195.23431606174188,2021-03-31 22:38:02.923598612+00:00,run0_set5
55.455578,823.432,2921.6238,-302.01303,234.1271,78.60315055862247,2021-04-01 00:12:44.419900956+00:00,run0_set5
53.187004,945.61194,3481.3774,325.53333,-36.301003,219.21556359194818,2021-04-01 00:23:07.865154816+00:00,run0_set5
9.421003,528.2567,2110.4539,-182.56502,-103.97242,218.12576488761692,2021-04-01 03:46:39.175655636+00:00,run0_set5
103.88183,1029.5714,3770.9082,-83.48157,-270.78595,111.99526398352282,2021-04-01 07:16:52.364283772+00:00,run0_set5
109.12117,1949.2717,7399.279,-478.57385,171.03676,-45.327395849549134,2021-04-01 08:45:09.612943572+00:00,run0_set5
120.35419,2095.3792,6908.155,15.615529,442.855,-120.72216767055045,2021-04-01 15:36:48.856606580+00:00,run0_set5
24.579195,1032.5712,3311.6,269.49945,359.5072,325.50499347375734,2021-04-01 22:28:42.786154092+00:00,run0_set5
55.130814,1106.7142,3787.372,-114.273,388.7326,-431.09343304314507,2021-04-02 00:20:30.056225236+00:00,run0_set5
131.68225,2023.6868,6409.555,-35.133675,-65.15174,118.97678693314492,2021-04-02 00:52:19.051490764+00:00,run0_set5
17.223146,650.1779,2301.6155,-79.18166,-107.863556,-95.88951490258523,2021-04-02 01:58:44.299079668+00:00,run0_set5
43.853916,902.27045,3581.4006,-31.265598,384.08987,303.3741333269468,2021-04-02 03:22:52.116173240+00:00,run0_set5
82.58709,1329.2883,5341.0347,-21.451044,-494.37234,332.1289262235208,2021-04-02 04:57:15.800783092+00:00,run0_set5
119.75194,1584.9233,6164.253,-50.565235,-345.99933,322.3831742686417,2021-04-02 05:14:32.306752660+00:00,run0_set5
27.731419,572.4403,1978.1975,-121.39177,-106.478096,-420.5360080949358,2021-04-02 10:25:05.177637964+00:00,run0_set5
116.31718,1343.0695,5422.913,88.28141,-52.106113,135.78920236142216,2021-04-02 15:12:32.119046880+00:00,run0_set5
21.846748,808.85944,2914.3228,-238.37103,179.58214,-37.216341951166896,2021-04-02 16:04:24.699616296+00:00,run0_set5
15.817332,1028.2654,4006.395,-136.08507,-322.43445,-501.112999796429,2021-04-02 17:16:05.347106576+00:00,run0_set5
61.114418,1290.1799,4726.857,159.81888,-111.71477,-338.7102887113964,2021-04-02 18:58:29.970116235+00:00,run0_set5
68.45682,1588.8301,5928.6055,-212.42134,-124.31013,141.3857727909567,2021-04-02 21:31:44.351334984+00:00,run0_set5
45.963528,1100.7218,4310.089,379.9187,-326.58105,-24.553108048234208,2021-04-02 22:51:39.390785972+00:00,run0_set5
45.457787,1222.4735,4140.549,-375.42206,-260.33374,-353.50771174364445,2021-04-03 01:29:49.303567604+00:00,run0_set5
132.03865,2129.2466,7094.6294,96.98715,-131.52177,-521.3367122106599,2021-04-03 03:33:56.677819044+00:00,run0_set5
17.189142,822.41016,2979.4714,-174.00964,-290.70428,-299.6251122633489,2021-04-03 10:02:36.204916432+00:00,run0_set5
50.07275,754.9063,2686.5344,381.2297,164.57663,464.56784897436205,2021-04-03 11:55:52.901006624+00:00,run0_set5
79.08535,1296.5723,4689.334,-263.2514,-172.24649,83.5753571471339,2021-04-03 12:16:01.001334152+00:00,run0_set5
14.389312,598.8267,2236.6233,13.64045,236.61653,-203.32550383790965,2021-04-03 16:45:43.723972548+00:00,run0_set5
2.596881,313.28528,1275.7543,-394.06207,159.16025,-292.7571100120945,2021-04-03 17:34:44.604165728+00:00,run0_set5
57.0194,820.16766,2906.141,-251.7935,75.87611,80.90762073548967,2021-04-03 18:29:04.399841680+00:00,run0_set5
3.84223,340.23056,1234.398,-213.706,140.6696,-9.835149504843798,2021-04-03 19:59:33.611524132+00:00,run0_set5
45.529053,947.6913,3526.7834,138.65259,447.7229,315.191638027039,2021-04-03 20:54:15.564079728+00:00,run0_set5
81.47983,1706.7582,6013.5195,65.21572,264.42636,-210.35811110179748,2021-04-04 01:44:36.469615716+00:00,run0_set5
14.507797,737.4227,2543.0786,-333.7888,-245.2077,-522.29028607695,2021-04-04 07:02:40.029600716+00:00,run0_set5
113.501205,2099.2244,7440.2554,420.30408,-77.25706,10.729125004490584,2021-04-04 19:00:52.673012272+00:00,run0_set5
6.2326126,412.72076,1428.5184,-193.58452,-196.41234,-533.44369469159,2021-04-05 02:54:14.630300240+00:00,run0_set5
92.33057,1417.8944,4938.862,-263.96094,232.28535,-18.13351255553289,2021-04-05 03:51:22.327176668+00:00,run0_set5
107.77168,1933.6115,6548.624,-24.694023,66.71299,362.65464201463317,2021-04-05 04:19:04.608184036+00:00,run0_set5
6.2506456,396.49994,1331.2347,236.75716,334.29947,-341.4404615071429,2021-04-05 04:37:34.913337828+00:00,run0_set5
11.654914,512.45795,1954.1791,-331.43423,-5.5018616,45.778640625561366,2021-04-05 10:36:32.621101788+00:00,run0_set5
114.76322,2574.7627,8259.876,-44.232113,215.42717,-176.2337891724245,2021-04-05 10:46:51.431510499+00:00,run0_set5
2.5724993,76.21912,324.91846,68.0616,225.52129,164.07288435976966,2021-04-05 12:12:40.463260232+00:00,run0_set5
49.25745,1162.476,4382.515,260.11545,49.93067,507.6943622843047,2021-04-05 12:15:36.529637544+00:00,run0_set5
90.93014,1565.4987,5850.1836,-268.36768,-105.56735,344.3437533679005,2021-04-05 12:40:55.518610180+00:00,run0_set5
85.95216,1346.9199,4911.833,339.33273,-36.297077,201.0465758181753,2021-04-05 13:08:13.715307528+00:00,run0_set5
133.4992,1950.6868,6615.567,-284.10416,277.9921,-151.41816450921465,2021-04-05 14:57:20.565816380+00:00,run0_set5
15.619397,808.3787,3065.215,173.64548,-285.91473,2.9529571662934586,2021-04-05 15:00:58.724675660+00:00,run0_set5
66.36177,1259.375,4656.935,-193.98135,355.70575,348.3510340202852,2021-04-05 18:41:21.026928740+00:00,run0_set5
37.55753,931.4642,3878.3875,236.72865,122.74197,44.05880204528853,2021-04-06 01:52:59.470440772+00:00,run0_set5
117.024155,2126.158,7085.0874,305.43094,280.42773,-57.20166089882525,2021-04-06 03:00:50.906931788+00:00,run0_set5
39.062733,1085.7015,3847.704,59.63186,420.2312,135.39187991713476,2021-04-06 04:49:33.540590132+00:00,run0_set5
16.872076,669.1134,2359.8677,394.10495,242.13527,35.3063562011281,2021-04-06 05:17:18.369351356+00:00,run0_set5
49.438744,944.3152,3740.0923,-118.198074,-484.7046,-106.78750194589793,2021-04-06 06:12:14.153095688+00:00,run0_set5
24.968721,691.53125,2771.0723,-141.2565,162.25671,456.65545629812357,2021-04-06 06:36:29.427956216+00:00,run0_set5
92.705765,1031.7672,3919.2217,267.19846,137.79248,-96.91120118789593,2021-04-06 09:04:59.812612956+00:00,run0_set5
11.685364,506.4711,1839.1731,-32.04361,247.45813,109.04940186087731,2021-04-06 12:27:52.085909320+00:00,run0_set5
57.929817,1151.5546,4574.713,471.93713,-38.25397,-77.52754194158706,2021-04-06 16:20:30.605649900+00:00,run0_set5
44.15569,1056.7909,3699.5137,-316.66663,-374.7618,424.02960758720616,2021-04-06 19:02:56.408530608+00:00,run0_set5
14.15736,708.35333,2810.0278,-355.58728,293.89078,138.1447568525549,2021-04-06 21:53:03.857129064+00:00,run0_set5
22.78838,656.7473,2574.0312,297.2697,-362.7311,17.58577518590812,2021-04-07 00:48:55.251609120+00:00,run0_set5
23.508644,694.5899,2647.0974,363.89386,-263.82162,167.1833514950485,2021-04-07 01:03:26.587533648+00:00,run0_set5
55.957363,841.3415,2900.5203,-364.01007,-98.75517,-381.68354907854246,2021-04-07 08:03:52.470433940+00:00,run0_set5
7.2874546,421.34253,1675.193,-145.13765,160.39973,-166.09639080817635,2021-04-07 09:33:07.603124324+00:00,run0_set5
85.868576,1614.4396,5007.118,268.28293,390.41092,227.65015148067874,2021-04-07 18:15:01.328448468+00:00,run0_set5
35.00478,1003.9432,3694.6577,-290.5326,0.6671186,-32.34062795626812,2021-04-07 19:21:44.361858880+00:00,run0_set5
50.013515,1111.0054,4020.0415,176.3616,-39.276424,431.23817193356405,2021-04-07 23:22:33.528350916+00:00,run0_set5
47.246815,1064.8457,3522.8572,-69.32855,79.4712,278.07036966075515,2021-04-08 00:14:16.399750396+00:00,run0_set5
42.983936,874.26105,3371.5176,73.653946,223.7596,-243.72752038702424,2021-04-08 01:40:45.036049844+00:00,run0_set5
65.88015,1535.9462,5149.4087,-240.74298,95.76753,73.05198840843502,2021-04-08 02:18:33.711826792+00:00,run0_set5
86.03513,1523.1118,5248.0195,37.656097,287.60144,-296.2648995916609,2021-04-08 03:29:48.661358256+00:00,run0_set5
73.93129,1065.9061,4106.0625,-453.01385,-215.88104,-368.1291776934222,2021-04-08 04:53:00.629410380+00:00,run0_set5
13.993348,727.259,2665.4458,264.36514,264.34616,352.8010453963046,2021-04-08 05:55:04.775622808+00:00,run0_set5
34.19976,1000.3232,3777.232,-69.98164,128.00961,443.4586751128621,2021-04-08 06:32:32.951500576+00:00,run0_set5
31.172646,751.3371,2716.9453,350.54993,-142.80334,256.64333784382524,2021-04-08 08:12:50.458711220+00:00,run0_set5
5.0171227,409.85425,1661.7845,-261.47504,12.338424,-438.72202397346405,2021-04-08 13:04:53.586463044+00:00,run0_set5
32.92756,730.73456,2527.4531,362.5559,-334.83334,-363.9629680633226,2021-04-08 19:15:51.473106456+00:00,run0_set5
11.39352,356.16068,1407.6731,-93.59901,441.53494,68.0797818199236,2021-04-08 21:59:16.264558180+00:00,run0_set5
20.162226,493.2981,1755.2195,-93.50898,131.04723,312.25712797423034,2021-04-08 22:08:10.115460224+00:00,run0_set5
43.050987,932.6386,3054.4238,254.26373,439.92297,-299.93729418386044,2021-04-09 02:21:08.811391716+00:00,run0_set5
113.7774,1764.4769,6225.6294,-281.65915,296.72208,112.9034295704655,2021-04-09 05:08:34.875687976+00:00,run0_set5
18.257015,735.58417,2739.78,-406.0368,-80.90598,488.7647858314673,2021-04-09 06:15:06.673989768+00:00,run0_set5
10.230874,441.4462,1583.5172,-267.9209,196.10727,349.1683830485337,2021-04-09 06:46:53.375746368+00:00,run0_set5
115.05019,2232.4412,7339.0513,-275.14526,44.814445,-23.457633308984555,2021-04-09 11:49:00.831980548+00:00,run0_set5
111.76287,2189.7866,7782.088,421.449,-277.49646,-418.41317103545725,2021-04-09 15:33:32.101071892+00:00,run0_set5
60.61717,913.53357,3454.8867,95.90412,24.382572,-313.0829910548564,2021-04-09 20:51:56.677756668+00:00,run0_set5
16.287241,680.9252,2514.474,-192.68344,-430.27487,-84.32743177382076,2021-04-10 03:53:38.010406620+00:00,run0_set5
26.052416,718.179,2666.2654,-134.33072,-104.89443,283.5023350776563,2021-04-10 12:52:52.271164628+00:00,run0_set5
125.23873,1679.9927,5698.266,-120.11638,334.17935,-377.77843705468877,2021-04-10 14:13:54.769536860+00:00,run0_set5
32.159622,686.53357,2723.3638,-331.9019,30.240307,448.36844531727115,2021-04-10 18:27:25.365532132+00:00,run0_set5
118.09413,1555.7579,5413.285,171.61993,319.95865,-285.4179968626137,2021-04-10 20:47:52.576271348+00:00,run0_set5
31.222813,633.4418,2626.6672,-160.41527,196.4878,325.20983965800093,2021-04-10 21:31:37.337374596+00:00,run0_set5
89.14606,1519.6532,5307.147,-211.97241,321.92987,-12.491533846651237,2021-04-10 22:30:43.663705648+00:00,run0_set5
43.317654,754.7786,3186.834,-429.3904,68.04931,-44.40787819276966,2021-04-11 03:22:31.774837600+00:00,run0_set5
33.091927,773.5692,3065.4688,338.36755,-298.03543,-206.19190147169763,2021-04-11 03:40:35.740954844+00:00,run0_set5
69.9412,723.8901,2867.5994,329.48654,-126.85271,-6.934695661545447,2021-04-11 03:42:54.662785032+00:00,run0_set5
53.36251,1004.42816,3331.0615,-136.17307,-400.49463,-166.15882719227864,2021-04-11 07:08:15.501484368+00:00,run0_set5
46.697197,1139.4163,4095.6287,215.0588,-125.22326,-297.8825695434026,2021-04-11 08:28:35.279280492+00:00,run0_set5
6.0352564,322.33682,1157.7627,273.1227,12.762613,-238.5112442970219,2021-04-11 08:39:05.973511748+00:00,run0_set5
72.332344,1451.5409,5351.043,95.09433,332.43848,276.4413476391766,2021-04-11 13:36:09.983374172+00:00,run0_set5
15.792292,510.07812,2115.3936,-476.2888,-180.14069,204.13433881378057,2021-04-11 18:03:22.129849572+00:00,run0_set5
130.1462,2289.2239,7693.689,-124.96269,-142.38718,-229.75312241794302,2021-04-11 19:09:48.080241712+00:00,run0_set5
26.615072,637.67957,2398.073,341.62698,-162.91243,406.7801374702128,2021-04-12 00:18:10.109176724+00:00,run0_set5
2.884116,530.2078,2007.148,189.67961,395.18027,373.56965716270105,2021-04-12 00:26:49.427805476+00:00,run0_set5
13.3540745,500.56332,1749.9343,238.72751,80.07344,317.0817576548635,2021-04-12 05:39:49.368332072+00:00,run0_set5
17.699074,575.6942,1899.3883,254.35571,300.73755,-498.3430947562538,2021-04-12 09:17:47.287481240+00:00,run0_set5
43.938644,1016.1536,3548.4817,-142.31633,481.26083,-455.6706642397826,2021-04-12 14:13:47.201973172+00:00,run0_set5
38.648075,1313.0614,5131.016,500.03336,28.202436,370.22079656084975,2021-04-12 15:01:07.391921844+00:00,run0_set5
45.643234,673.12744,2616.2114,-222.35968,-122.70504,-141.9108060209079,2021-04-13 02:26:54.206618784+00:00,run0_set5
123.86246,1687.9541,6489.1597,-135.7429,194.4273,447.0289010765307,2021-04-13 04:33:44.691399320+00:00,run0_set5
6.401322,366.3294,1365.0809,338.43365,-150.3593,379.881407991953,2021-04-13 09:59:16.409823380+00:00,run0_set5
115.60896,1770.6979,6305.4653,-3.6743069,-178.3545,351.9326120537906,2021-04-13 14:26:08.341899284+00:00,run0_set5
5.048052,440.0251,1735.2385,-306.48172,-167.62535,-4.686985833862195,2021-04-13 16:03:35.977887760+00:00,run0_set5
37.62952,968.0052,3658.8364,-111.9279,-152.12408,501.3542312804608,2021-04-13 17:15:15.729346148+00:00,run0_set5
89.070404,1483.7444,5471.088,373.10168,-99.15622,-334.3000095798059,2021-04-13 19:44:35.903107532+00:00,run0_set5
17.322578,634.88715,2466.265,-202.67424,-193.95538,292.83941251841117,2021-04-14 00:54:52.192749176+00:00,run0_set5
38.114124,714.8014,2995.2861,-130.5553,-190.88275,385.79583637691746,2021-04-14 01:15:53.247772128+00:00,run0_set5
15.007488,618.6553,2566.9592,95.198586,456.63443,204.09460656935187,2021-04-14 04:38:24.255798732+00:00,run0_set5
112.46237,1721.9329,6002.5576,-185.372,-220.46304,119.58412266941292,2021-04-14 15:27:56.353081880+00:00,run0_set5
14.677557,494.09576,1897.8973,-282.71292,357.139,308.8685351279503,2021-04-14 16:48:32.101146496+00:00,run0_set5
61.822376,1062.4482,3842.6167,147.14432,-217.81927,-68.03721155803555,2021-04-14 16:57:44.892010156+00:00,run0_set5
45.130238,880.07275,3304.6316,-256.229,-181.78404,-20.647996024380518,2021-04-14 23:04:39.805653968+00:00,run0_set5
65.061,1157.5442,3955.8276,41.6564,377.96387,-103.43864134404669,2021-04-15 02:31:15.169077544+00:00,run0_set5
97.05542,1598.7698,4906.0435,473.00497,110.70104,-158.78565783328747,2021-04-15 08:24:12.940424148+00:00,run0_set5
12.564428,622.34283,2159.571,357.03705,235.6003,233.11049707217188,2021-04-15 08:37:09.375906312+00:00,run0_set5
55.594795,1247.1782,4265.1104,-168.86713,478.87274,86.48716306026904,2021-04-15 09:01:58.641103972+00:00,run0_set5
60.898304,1348.0793,5064.275,332.90115,-246.87927,240.09769605671244,2021-04-15 10:57:22.082920708+00:00,run0_set5
56.315224,856.8852,3238.3577,-329.90436,-254.42998,54.97381719335647,2021-04-15 11:00:48.656090820+00:00,run0_set5
84.91039,1302.3948,4903.439,213.10493,-421.07907,302.04026512112466,2021-04-15 11:40:30.240500684+00:00,run0_set5
30.507244,976.776,3775.0962,-412.17065,276.88632,-282.5402471589889,2021-04-15 22:04:59.186807296+00:00,run0_set5
110.80544,1656.054,5577.1562,-39.9856,134.98166,-283.3348920475637,2021-04-16 00:59:24.430666056+00:00,run0_set5
12.554474,711.5338,2531.318,366.24963,-86.54982,-58.439036511034715,2021-04-16 03:25:54.281056696+00:00,run0_set5
23.998816,499.00592,2118.6184,222.17342,-374.27023,-368.7421894646086,2021-04-16 04:11:37.164531904+00:00,run0_set5
10.326364,599.0428,2119.1018,189.76057,233.11993,2.487522302985326,2021-04-16 04:24:30.193422296+00:00,run0_set5
