qS1,qS2B,qS2,x,y,z,t,set_label
19.639137,802.39935,3216.229,209.81195,-350.7687,192.94619750976562,2021-11-16 19:07:27.956608012+00:00,run1_set1
21.718578,627.5424,2478.0151,-225.78174,-1.8784759,393.5828857421875,2021-11-17 01:51:18.280023820+00:00,run1_set1
46.117363,1543.0835,5486.2896,-79.08371,407.83075,-122.21923828125,2021-11-17 06:35:18.716775152+00:00,run1_set1
27.602207,896.483,2942.9895,76.936104,205.42546,205.53781127929688,2021-11-17 07:00:06.719047920+00:00,run1_set1
11.151696,888.9876,3326.1843,43.106167,-390.06485,389.5723876953125,2021-11-17 16:28:45.299930468+00:00,run1_set1
40.754246,1324.2319,4910.682,-474.3016,-207.27216,128.21817016601562,2021-11-17 21:36:06.819161968+00:00,run1_set1
28.297064,767.68774,3004.855,252.22153,49.71185,370.38250732421875,2021-11-17 22:00:39.953844608+00:00,run1_set1
122.607216,2332.823,7494.1826,179.25029,260.06403,72.58660888671875,2021-11-18 03:37:14.931251876+00:00,run1_set1
100.71227,2075.3037,8636.714,437.0067,-269.98416,386.6317138671875,2021-11-18 07:29:21.906261936+00:00,run1_set1
112.334175,2630.4573,8199.643,-443.4726,-131.01901,-472.0283203125,2021-11-18 09:30:34.276794152+00:00,run1_set1
6.460773,540.6021,2095.996,303.41428,-58.21839,287.0303649902344,2021-11-18 11:27:26.951846780+00:00,run1_set1
62.6537,1585.1716,5983.5073,-437.07794,178.42949,467.1720886230469,2021-11-18 13:18:06.444275700+00:00,run1_set1
121.22122,2576.4714,8422.499,338.23386,87.497185,-544.1611328125,2021-11-18 15:57:30.418198168+00:00,run1_set1
39.53227,1203.5488,5148.389,338.60895,-356.27972,-106.05963134765625,2021-11-19 04:00:16.253237676+00:00,run1_set1
55.668568,1232.9447,5245.6763,-160.5573,-308.63397,431.1392517089844,2021-11-19 04:15:04.746702892+00:00,run1_set1
67.69271,2217.331,6890.6377,222.43977,-50.17841,-271.69964599609375,2021-11-19 10:05:36.952761880+00:00,run1_set1
96.02439,2878.541,10886.293,-176.17404,-251.44472,50.9825439453125,2021-11-19 18:06:45.848456652+00:00,run1_set1
43.33793,1316.7748,5003.832,425.5115,-243.00626,-392.59698486328125,2021-11-19 18:45:57.483710124+00:00,run1_set1
45.794117,1445.0485,5071.8286,38.38842,-406.7368,187.32254028320312,2021-11-19 19:29:55.331128483+00:00,run1_set1
85.73003,2414.5703,8439.709,-326.29367,-214.09502,33.36663818359375,2021-11-19 20:23:37.048245756+00:00,run1_set1
7.529539,925.5719,2583.5034,220.52039,141.83434,-436.6619873046875,2021-11-19 20:27:57.166343032+00:00,run1_set1
96.45864,1809.4596,6445.326,380.7943,67.74476,-64.45916748046875,2021-11-19 21:54:34.480213132+00:00,run1_set1
126.14243,3114.1304,11218.271,419.57523,-115.05469,38.69342041015625,2021-11-20 02:59:19.389088444+00:00,run1_set1
29.399977,1474.0723,5343.7764,-147.44946,459.95917,32.1231689453125,2021-11-20 07:18:46.796262944+00:00,run1_set1
77.924416,2043.8882,5819.4307,-408.997,147.87048,-353.71875,2021-11-20 08:48:59.141829884+00:00,run1_set1
46.12031,972.74744,3616.605,209.61966,-322.5342,321.7804870605469,2021-11-20 20:55:59.112156476+00:00,run1_set1
72.03808,1767.6764,6420.6426,-402.75577,23.475708,497.3572082519531,2021-11-20 22:13:39.347291388+00:00,run1_set1
68.19384,1548.4005,5276.6426,41.72092,274.911,-211.72149658203125,2021-11-20 23:05:06.766127436+00:00,run1_set1
28.612244,835.99365,3079.4185,-461.81415,-18.25035,195.32110595703125,2021-11-21 01:09:05.134596928+00:00,run1_set1
69.72008,1293.5376,3660.5515,241.91269,195.358,-457.8515625,2021-11-21 03:30:34.405718856+00:00,run1_set1
111.95662,1675.6553,7006.5835,423.94724,-33.835304,437.7711181640625,2021-11-21 03:49:04.439651772+00:00,run1_set1
49.20408,1628.0529,4896.1562,360.71964,154.9078,-414.20660400390625,2021-11-21 04:01:33.802938632+00:00,run1_set1
11.667104,562.513,1926.5789,-79.63627,46.0579,-356.85540771484375,2021-11-21 08:52:04.783321076+00:00,run1_set1
67.219086,1466.0698,5463.632,4.092506,-80.54662,320.3857727050781,2021-11-21 10:21:29.038313348+00:00,run1_set1
81.88775,2078.1636,5642.827,11.471938,14.281567,-466.555908203125,2021-11-21 11:26:36.781933620+00:00,run1_set1
19.574818,830.4346,2730.2822,-148.81195,-145.68164,-326.4686279296875,2021-11-21 11:50:32.096879404+00:00,run1_set1
71.80555,2449.0422,8636.724,179.09955,-284.80396,-131.01318359375,2021-11-22 00:19:24.362783980+00:00,run1_set1
75.24225,2239.421,7516.2964,-196.9115,-217.37056,-57.95050048828125,2021-11-22 01:09:49.425300104+00:00,run1_set1
19.50124,674.42706,1986.4199,171.58728,79.05273,-199.31475830078125,2021-11-22 19:27:09.593455908+00:00,run1_set1
9.991531,628.67096,2197.031,37.596172,267.2487,-286.66058349609375,2021-11-22 20:10:07.042997004+00:00,run1_set1
58.442852,1231.9229,4566.564,-323.87708,-188.59515,216.8131103515625,2021-11-22 21:25:35.155450936+00:00,run1_set1
93.31045,2384.2217,8168.841,-292.74258,-104.55953,-326.16619873046875,2021-11-23 00:12:52.912089196+00:00,run1_set1
11.914454,735.10504,3486.2297,17.192036,-515.7474,428.7923278808594,2021-11-23 03:38:57.441168960+00:00,run1_set1
79.094734,1492.0679,6057.564,236.65338,-453.02017,-91.82684326171875,2021-11-23 07:44:48.493970752+00:00,run1_set1
129.27843,1948.0569,6241.977,-158.5843,117.391014,103.99273681640625,2021-11-23 10:05:19.975717492+00:00,run1_set1
127.283745,1655.6005,5923.3174,-18.520971,410.99512,-3.24871826171875,2021-11-24 06:36:10.525515283+00:00,run1_set1
64.50538,1984.9209,6422.334,-396.95953,318.54306,-385.25933837890625,2021-11-24 08:24:40.268950348+00:00,run1_set1
34.296066,762.7989,3027.8044,3.928806,-225.6743,452.01507568359375,2021-11-24 11:20:58.953741456+00:00,run1_set1
7.478522,542.02466,1736.5812,-339.55972,-142.25015,-545.5615234375,2021-11-24 11:49:18.887231932+00:00,run1_set1
120.49873,2149.6758,5746.9336,-228.77255,238.98322,138.32843017578125,2021-11-24 12:50:59.464591684+00:00,run1_set1
109.66986,1829.4131,6897.6504,-30.185955,-290.88116,324.87237548828125,2021-11-25 00:45:45.631543040+00:00,run1_set1
130.6691,2346.6519,8086.782,-385.88602,-93.89797,348.2743835449219,2021-11-25 03:07:26.916270384+00:00,run1_set1
74.46144,1385.8958,5123.854,-312.28464,-88.83679,241.010498046875,2021-11-25 17:17:17.267708924+00:00,run1_set1
127.99037,2042.9944,6059.767,411.0568,152.64383,-77.75653076171875,2021-11-25 21:08:39.047062936+00:00,run1_set1
134.61674,1891.505,7037.834,228.71822,-358.07004,-486.46826171875,2021-11-25 21:29:24.111031964+00:00,run1_set1
87.95883,1991.1625,6637.701,236.7871,388.35376,-388.8553466796875,2021-11-25 21:57:14.866752100+00:00,run1_set1
122.94138,2209.8394,8036.8623,-297.39456,379.905,-51.3577880859375,2021-11-25 23:41:08.541843324+00:00,run1_set1
97.14155,2320.3865,7026.3794,411.47623,125.46131,-131.0299072265625,2021-11-26 03:08:39.791205880+00:00,run1_set1
44.716366,1280.9015,4838.06,-443.79852,76.9379,293.7630615234375,2021-11-26 15:03:32.578780012+00:00,run1_set1
89.783516,2542.5464,9184.89,209.25204,-86.68241,232.703857421875,2021-11-26 23:36:36.743325908+00:00,run1_set1
117.697655,2278.1406,9254.922,294.34357,-80.17459,426.378173828125,2021-11-26 23:43:25.878554384+00:00,run1_set1
45.222702,1791.5369,6493.6694,276.81613,363.32318,-72.65936279296875,2021-11-27 00:08:12.634385156+00:00,run1_set1
74.1978,1661.3357,5500.6187,-146.02687,319.06094,-301.190185546875,2021-11-27 01:07:38.754928708+00:00,run1_set1
34.73894,1183.6787,3973.822,-158.88213,-29.615332,-470.476806640625,2021-11-27 03:30:58.790370092+00:00,run1_set1
92.282486,1751.7915,6096.2827,394.184,105.29812,451.6510009765625,2021-12-05 07:52:47.953110756+00:00,run1_set2
38.644806,1436.7063,4591.181,268.62518,381.90198,-302.1368408203125,2021-12-05 08:32:31.709224952+00:00,run1_set2
9.750313,846.1999,2596.4968,27.769636,-192.03915,-402.6287841796875,2021-12-05 23:30:12.526695996+00:00,run1_set2
80.64479,2327.581,7865.7695,446.188,-154.7663,-269.4927978515625,2021-12-06 02:33:01.225431384+00:00,run1_set2
35.173256,1418.5864,5173.289,-380.0104,-60.3853,505.4454040527344,2021-12-06 10:27:33.912325356+00:00,run1_set2
56.614563,1608.0349,5351.4395,-17.449276,406.59467,244.76333618164062,2021-12-06 21:33:43.392352652+00:00,run1_set2
38.90529,987.12683,3312.1978,-239.89442,-173.09229,-166.84991455078125,2021-12-07 17:05:58.535104924+00:00,run1_set2
45.8051,1162.4686,3938.1145,181.3607,-274.78732,-429.57086181640625,2021-12-07 18:03:12.398067108+00:00,run1_set2
46.07485,1419.3824,4814.0415,55.59478,-450.78955,-310.28668212890625,2021-12-07 22:29:47.551500348+00:00,run1_set2
101.41208,2276.1604,7662.5967,-118.049126,353.15506,265.9976501464844,2021-12-08 01:40:21.311347012+00:00,run1_set2
81.352875,2386.7417,7862.973,-210.96858,-414.87515,143.65518188476562,2021-12-08 11:02:53.241406392+00:00,run1_set2
115.69254,2485.481,8190.52,107.20286,80.51645,367.2850341796875,2021-12-09 00:18:47.075256031+00:00,run1_set2
31.079378,1579.1293,5577.772,-233.92163,430.83185,-96.806396484375,2021-12-09 02:05:14.838862072+00:00,run1_set2
70.299614,1879.229,5500.1245,290.8643,282.68658,-51.2850341796875,2021-12-09 10:34:17.226042628+00:00,run1_set2
118.46441,2673.3738,9015.809,30.453825,446.7162,273.6153564453125,2021-12-09 10:48:58.540594516+00:00,run1_set2
37.0947,1513.3616,5434.028,-379.75537,-323.67407,-292.00982666015625,2021-12-09 13:05:34.848426696+00:00,run1_set2
73.02529,1785.592,6147.733,268.6473,-137.5439,442.84027099609375,2021-12-09 16:27:06.330832684+00:00,run1_set2
133.36789,2949.8474,9743.224,318.883,43.738445,-111.94091796875,2021-12-09 20:45:36.648325348+00:00,run1_set2
38.701263,865.14404,3496.582,353.71332,41.461006,469.888671875,2021-12-09 20:51:33.194347060+00:00,run1_set2
104.59518,1775.9406,6575.9683,38.4241,472.35498,433.3909606933594,2021-12-10 03:00:05.684773932+00:00,run1_set2
73.847015,1438.6869,4558.296,72.71161,265.2562,-172.28314208984375,2021-12-10 05:41:55.748093040+00:00,run1_set2
55.44987,1755.1887,6293.072,302.70288,-265.01056,447.01318359375,2021-12-10 06:02:35.448372692+00:00,run1_set2
58.064487,1341.1914,4685.1304,447.0752,239.82126,-37.0018310546875,2021-12-10 07:25:27.350067892+00:00,run1_set2
118.8811,2964.0737,8224.615,301.60938,-248.42728,12.9613037109375,2021-12-10 12:11:16.841656240+00:00,run1_set2
3.9668486,398.0135,1275.6787,-268.63336,236.13652,-27.53570556640625,2021-12-10 12:22:19.096348748+00:00,run1_set2
36.028427,1556.4303,5508.1216,93.15779,498.8452,176.14804077148438,2021-12-10 19:39:26.188226356+00:00,run1_set2
87.06368,2265.7812,7377.4624,471.2995,-1.7909882,-491.7894287109375,2021-12-10 21:26:16.836810116+00:00,run1_set2
7.3674073,658.7681,2546.3118,-490.81854,-134.22922,-301.05023193359375,2021-12-11 01:23:46.844925600+00:00,run1_set2
62.942642,1654.9167,5297.139,-244.08125,367.8963,-137.7962646484375,2021-12-11 02:16:01.507036660+00:00,run1_set2
52.344288,1300.0819,3743.6042,26.491812,383.86774,-327.51617431640625,2021-12-11 02:20:36.054858132+00:00,run1_set2
96.55515,1301.6367,4219.697,105.9618,-293.9387,-65.613037109375,2021-12-11 03:22:15.131283804+00:00,run1_set2
126.9314,3171.6958,10307.456,-19.87391,-127.08223,357.43804931640625,2021-12-11 07:35:40.535610668+00:00,run1_set2
129.37572,2505.861,8728.9375,-429.96915,4.2998953,460.803466796875,2021-12-11 11:54:49.422714016+00:00,run1_set2
53.44603,1261.6528,4029.81,-276.90317,-352.23517,148.95956420898438,2021-12-11 17:26:31.230185848+00:00,run1_set2
29.655521,946.09186,3461.2822,261.98257,-85.898865,73.92529296875,2021-12-11 22:01:20.480718432+00:00,run1_set2
126.1133,2772.3848,9040.074,-401.2248,-70.91994,397.90142822265625,2021-12-11 23:57:05.239069548+00:00,run1_set2
103.00373,2425.1152,7928.5933,324.40463,80.860306,-215.78802490234375,2021-12-12 02:06:11.748097040+00:00,run1_set2
8.51246,473.84235,1954.8722,-415.70273,-306.28973,255.17605590820312,2021-12-12 02:57:09.668189028+00:00,run1_set2
18.34863,675.556,2531.2659,-26.938656,-429.76038,271.3692626953125,2021-12-12 07:07:16.854104048+00:00,run1_set2
96.772736,1675.8854,6837.2246,459.80078,-38.136333,107.06784057617188,2021-12-12 09:49:01.320311008+00:00,run1_set2
11.782135,740.2596,2910.031,85.92481,485.34235,64.7728271484375,2021-12-12 14:18:17.243699144+00:00,run1_set2
24.078924,574.00964,1944.1504,-121.01291,300.33777,209.90676879882812,2021-12-12 14:51:15.114944812+00:00,run1_set2
13.049967,610.34534,2248.9812,377.21667,-134.72096,326.6983642578125,2021-12-12 18:55:49.163347272+00:00,run1_set2
74.94281,1810.5182,5439.0796,406.1251,101.83956,-205.09527587890625,2021-12-12 21:49:47.867420384+00:00,run1_set2
83.44447,1897.8864,6085.685,-143.08699,324.77274,-326.35101318359375,2021-12-13 04:29:42.377273808+00:00,run1_set2
76.80369,1996.9392,6122.258,-50.291443,-29.348705,158.3416748046875,2021-12-13 04:34:52.493757128+00:00,run1_set2
74.28264,1815.081,6095.3916,-58.28106,-152.15349,363.24652099609375,2021-12-13 04:53:09.223557940+00:00,run1_set2
35.24125,1260.4603,3916.9963,-301.60983,130.24104,494.74700927734375,2021-12-13 08:58:45.786005284+00:00,run1_set2
61.980534,1800.1731,5605.8716,97.40752,-290.3348,-386.9173583984375,2021-12-13 12:00:05.602892456+00:00,run1_set2
14.166112,1065.4723,3668.7097,-211.9845,403.60974,150.35989379882812,2021-12-13 14:10:48.220497252+00:00,run1_set2
42.022644,1129.362,3978.1467,-428.62976,-91.37294,292.0546569824219,2021-12-14 10:24:03.617947180+00:00,run1_set2
100.06888,2481.9204,10373.14,464.63867,-200.37126,462.063720703125,2021-12-14 19:52:12.384786276+00:00,run1_set2
84.829,2039.4474,7099.898,354.84244,-204.99294,-293.3653564453125,2021-12-14 21:17:14.693894732+00:00,run1_set2
109.817894,2589.9883,7858.602,190.37994,31.811893,-267.173828125,2021-12-14 22:15:27.769080444+00:00,run1_set2
95.8456,1663.5372,4818.0713,-304.98767,120.38294,505.7870788574219,2021-12-14 22:27:37.052272396+00:00,run1_set2
83.63181,2088.494,6513.841,-300.32822,-19.844057,-294.6199951171875,2021-12-14 22:53:49.427757764+00:00,run1_set2
112.39428,2828.4949,9506.55,-354.94485,302.32425,218.31982421875,2021-12-14 23:38:37.522441600+00:00,run1_set2
3.010452,539.79236,2044.157,317.57074,-199.47073,207.84548950195312,2021-12-15 02:44:52.737583260+00:00,run1_set2
70.33202,1960.6554,7510.8706,372.91797,-339.28436,-137.38739013671875,2021-12-15 04:48:17.405854428+00:00,run1_set2
133.23775,2721.245,8675.628,-322.74365,357.89886,-92.8350830078125,2021-12-15 08:50:35.432667756+00:00,run1_set2
20.257116,918.9855,3472.6133,-327.44214,-279.89276,-0.5321044921875,2021-12-15 08:59:16.007536640+00:00,run1_set2
21.182749,1057.9022,3579.2737,-454.7841,-103.44144,-425.2410888671875,2021-12-15 09:41:13.722555332+00:00,run1_set2
15.398116,637.84503,2414.5217,72.41253,-178.50069,444.2349853515625,2021-12-15 13:09:43.394038932+00:00,run1_set2
43.250095,1509.0018,5170.2217,235.02744,-372.4045,-397.31884765625,2021-12-15 17:10:12.243435812+00:00,run1_set2
84.691956,1900.2015,6631.634,-198.93387,-303.82712,16.69732666015625,2021-12-15 19:02:53.794548884+00:00,run1_set2
35.977802,1172.0876,3475.94,-26.71018,209.65604,-374.7681884765625,2021-12-15 19:48:31.103078964+00:00,run1_set2
53.76271,1331.3278,4884.2637,-225.73827,356.67007,-269.68316650390625,2021-12-15 23:57:52.321094636+00:00,run1_set2
12.613489,663.9973,2302.493,13.96783,350.40173,62.6275634765625,2021-12-16 00:02:47.356126928+00:00,run1_set2
86.69481,1973.0854,6411.307,244.25258,226.83298,-205.5712890625,2021-12-16 02:43:01.924359512+00:00,run1_set2
90.89083,1980.5868,6452.798,225.40991,-179.48451,-206.193115234375,2021-12-18 19:56:49.603428508+00:00,run1_set3
86.26954,1849.7103,5836.7666,-89.22366,395.88776,79.6273193359375,2021-12-19 00:52:45.570694900+00:00,run1_set3
13.435451,868.7298,3105.4456,25.963976,491.81467,-253.4508056640625,2021-12-19 09:56:12.719288760+00:00,run1_set3
38.166008,1258.71,4355.4346,157.07259,447.00467,-5.38275146484375,2021-12-19 13:58:25.662207544+00:00,run1_set3
112.75796,1962.6299,5701.512,-50.99495,-107.34737,-371.50274658203125,2021-12-19 16:05:13.861851732+00:00,run1_set3
77.43479,1957.9437,6445.625,132.58977,-291.17337,460.62420654296875,2021-12-19 17:25:13.131928256+00:00,run1_set3
30.052668,1115.8422,3849.7212,-154.0998,-361.20865,-161.76959228515625,2021-12-19 19:44:00.373271200+00:00,run1_set3
2.6483295,968.9684,3342.9778,-246.48705,113.127464,357.8973388671875,2021-12-20 00:17:25.559885412+00:00,run1_set3
112.74672,2241.321,7287.997,-128.7674,-146.72873,460.5513916015625,2021-12-20 00:37:15.313518252+00:00,run1_set3
19.587132,847.6304,2949.9878,-108.9328,-180.00244,376.0173645019531,2021-12-20 01:02:27.237827432+00:00,run1_set3
118.05287,2196.005,7245.6562,238.86488,421.1446,142.8486328125,2021-12-20 03:11:01.869578772+00:00,run1_set3
27.3508,1026.5121,3474.3389,302.66357,-2.2126188,52.60693359375,2021-12-20 05:38:37.324884012+00:00,run1_set3
76.248276,1493.4601,5307.7417,-201.91562,-424.1674,295.953125,2021-12-20 08:14:55.577442092+00:00,run1_set3
13.133151,673.7642,1949.0162,-72.41494,-88.100716,478.62103271484375,2021-12-20 08:29:29.109141820+00:00,run1_set3
42.432487,1223.5393,3724.176,-292.85318,-396.56213,-402.26483154296875,2021-12-20 08:39:13.886401040+00:00,run1_set3
31.683228,1180.0579,3911.573,49.673805,420.34552,-546.519287109375,2021-12-20 08:40:43.042092228+00:00,run1_set3
15.917247,751.7209,2732.803,161.10922,-265.64188,360.5243225097656,2021-12-20 10:22:05.921964764+00:00,run1_set3
15.503368,468.7923,1856.9429,-263.668,393.73837,452.7432861328125,2021-12-20 15:02:59.713248596+00:00,run1_set3
130.33144,3041.2979,9927.459,300.88495,-50.31473,-140.84332275390625,2021-12-20 20:30:11.658445100+00:00,run1_set3
34.65213,1138.9362,3711.3027,-46.54831,483.99594,-281.54107666015625,2021-12-21 02:38:01.857730916+00:00,run1_set3
26.268885,988.45575,3563.8003,-205.77852,-293.00143,23.27880859375,2021-12-21 04:17:14.658665828+00:00,run1_set3
73.131165,1453.9133,4810.3306,-64.191574,-353.02524,44.97802734375,2021-12-21 08:13:34.204999228+00:00,run1_set3
65.11884,1275.936,4026.406,-36.5286,-149.69164,-249.12109375,2021-12-21 08:23:52.372105092+00:00,run1_set3
51.594143,1479.1836,5029.4126,10.879886,409.7979,-193.16455078125,2021-12-21 08:54:04.629679236+00:00,run1_set3
104.10018,2020.9235,7155.531,88.72825,-67.51212,-347.7869873046875,2021-12-21 10:21:59.101751392+00:00,run1_set3
128.08012,2431.435,7058.0796,378.92285,121.59465,459.5767822265625,2021-12-21 15:11:36.779288212+00:00,run1_set3
16.865187,877.4515,2956.4924,-312.1823,285.81964,-55.2899169921875,2021-12-21 18:44:42.653226140+00:00,run1_set3
51.98482,1803.8473,5118.086,143.45604,122.8954,91.17153930664062,2021-12-21 18:56:32.982905720+00:00,run1_set3
23.45445,1195.2612,4216.6914,-460.9529,-91.07747,337.01025390625,2021-12-21 20:18:07.445021288+00:00,run1_set3
50.199745,1109.3344,3874.3572,259.97952,395.57098,259.1081237792969,2021-12-21 22:28:31.062005640+00:00,run1_set3
28.398336,774.22943,2761.4067,-199.88176,-56.15003,500.4434814453125,2021-12-22 02:24:14.295456952+00:00,run1_set3
11.241495,499.0269,1901.1471,-188.09,-92.512566,378.285888671875,2021-12-22 07:14:58.781403420+00:00,run1_set3
12.567245,613.19055,2002.5327,334.47668,186.41516,21.90087890625,2021-12-22 11:58:42.560157220+00:00,run1_set3
120.229324,2540.7073,7985.115,333.5302,120.104996,249.79324340820312,2021-12-22 14:43:18.133330900+00:00,run1_set3
8.181858,480.16675,1728.2511,-393.45538,1.265043,-125.07586669921875,2021-12-22 18:43:27.466312132+00:00,run1_set3
31.1216,1504.7417,4639.791,-270.91696,-185.9531,-339.2955322265625,2021-12-22 19:52:07.783693756+00:00,run1_set3
2.5361938,123.5296,629.5507,93.90482,344.18323,266.8714599609375,2021-12-22 22:02:04.371002184+00:00,run1_set3
12.254203,996.232,2929.6128,455.31693,121.586784,199.32601928710938,2021-12-23 04:22:32.726144660+00:00,run1_set3
64.75911,1490.8973,4700.623,128.19241,274.26175,70.65972900390625,2021-12-23 07:00:36.737718256+00:00,run1_set3
66.18399,1807.7362,6106.364,316.30255,-357.6416,-266.7257080078125,2021-12-23 10:04:04.548955780+00:00,run1_set3
73.2363,1657.2445,5622.326,-329.6563,243.54149,503.7650146484375,2021-12-23 10:47:34.157946424+00:00,run1_set3
26.774426,1179.4325,4092.1917,-476.98383,24.668001,57.8328857421875,2021-12-23 11:53:34.481402776+00:00,run1_set3
54.005363,1744.9237,5419.693,-132.46779,290.7715,-264.32281494140625,2021-12-23 13:19:26.703582020+00:00,run1_set3
79.82059,1742.2878,5824.1543,476.2092,-79.55141,-454.793212890625,2021-12-23 14:11:08.593679856+00:00,run1_set3
9.728482,677.65607,2584.382,-63.481853,-400.79794,76.96673583984375,2021-12-23 15:49:25.907843452+00:00,run1_set3
102.3653,1790.3895,6055.132,-161.14886,-351.902,-216.5162353515625,2021-12-23 16:09:32.675927820+00:00,run1_set3
40.749027,1801.2694,5448.5396,63.806293,252.09807,-277.26177978515625,2021-12-23 17:32:47.026545548+00:00,run1_set3
33.03008,1759.2716,6009.1353,-389.4981,-96.00803,317.88763427734375,2021-12-23 18:24:16.736426992+00:00,run1_set3
43.905697,1058.0387,3860.112,-187.3668,-185.75362,276.6288146972656,2021-12-23 20:36:37.447472868+00:00,run1_set3
122.02865,3137.4517,9665.3,111.31392,-137.9625,-79.52655029296875,2021-12-23 20:52:12.190352868+00:00,run1_set3
127.21739,2075.6042,7240.774,-187.37054,-234.17351,-334.77532958984375,2021-12-24 05:48:34.282776756+00:00,run1_set3
118.392136,3011.8508,9736.263,-104.051125,409.42303,-181.749267578125,2021-12-24 07:38:16.366698996+00:00,run1_set3
73.410965,2049.806,8135.198,-90.33879,-474.9061,81.03884887695312,2021-12-24 19:09:35.264288844+00:00,run1_set3
73.78395,1877.1698,6975.77,-23.510002,-374.6479,117.55899047851562,2021-12-24 19:46:45.081724276+00:00,run1_set3
10.638734,517.1169,2428.6165,247.6248,38.289394,-6.1109619140625,2021-12-24 21:50:41.878358356+00:00,run1_set3
100.4128,1549.3633,5907.5938,-265.68942,-189.95854,-109.22430419921875,2021-12-24 22:03:12.314330224+00:00,run1_set3
82.971245,2224.0967,8133.3354,-270.9987,232.67618,302.5626220703125,2021-12-24 22:17:50.870113924+00:00,run1_set3
9.549235,950.96124,3145.5068,-226.39674,295.3908,-322.0380859375,2021-12-25 00:02:18.150264244+00:00,run1_set3
113.60143,2475.1123,9177.327,181.02325,227.95844,-329.8350830078125,2021-12-25 00:35:11.868381156+00:00,run1_set3
54.607006,1672.6277,6053.284,-378.87952,-57.711647,54.9986572265625,2021-12-25 06:11:55.473243124+00:00,run1_set4
51.34661,1250.1187,5115.996,-476.09158,-175.77997,-18.38330078125,2021-12-25 06:17:40.943209036+00:00,run1_set4
70.537125,1346.8635,5079.7524,-384.0705,-150.44238,-42.1998291015625,2021-12-25 07:48:19.407547200+00:00,run1_set4
47.871964,1687.1255,6508.2456,-343.77264,-177.35738,-320.8114013671875,2021-12-25 15:03:42.320577732+00:00,run1_set4
27.666796,1010.8325,4174.611,49.319202,450.67813,266.4681701660156,2021-12-25 20:50:58.903452284+00:00,run1_set4
28.173008,842.49146,3567.0024,-305.39813,-334.61444,437.95037841796875,2021-12-26 00:59:57.729225012+00:00,run1_set4
119.77115,2913.1443,8984.3955,-140.75275,237.40407,222.95767211914062,2021-12-26 01:50:48.158466712+00:00,run1_set4
34.672455,1360.7578,5466.4517,7.028809,-418.8624,65.34979248046875,2021-12-26 02:55:06.588209324+00:00,run1_set4
86.79239,2167.695,7587.5635,12.538084,347.8646,103.89193725585938,2021-12-26 23:46:55.146888740+00:00,run1_set4
96.102104,2314.0874,8296.363,-117.31525,-165.63481,448.77197265625,2021-12-27 00:37:40.281967320+00:00,run1_set4
124.583084,2970.7336,10652.378,-40.83032,446.6812,-262.23358154296875,2021-12-27 01:45:03.515447152+00:00,run1_set4
57.3723,1647.2686,5934.388,-98.40732,376.6308,-392.45697021484375,2021-12-27 02:18:31.450577452+00:00,run1_set4
14.017968,1224.3241,4705.3735,341.70108,52.40345,101.61785888671875,2021-12-27 16:46:28.950014828+00:00,run1_set4
67.20667,2056.3408,8202.646,-146.41423,-278.3443,17.6103515625,2021-12-27 18:53:29.556017188+00:00,run1_set4
108.91355,2207.0037,7893.634,278.61838,351.4193,307.7773742675781,2021-12-27 19:07:16.150718300+00:00,run1_set4
69.56876,1531.6227,5483.385,-355.3208,302.04807,132.31271362304688,2021-12-27 23:24:32.414400620+00:00,run1_set4
22.647545,691.7432,3015.1558,-112.77985,-253.0737,64.65521240234375,2021-12-28 05:00:18.937957832+00:00,run1_set4
63.813843,1874.3136,6398.3413,-123.476425,25.246786,-48.73089599609375,2021-12-28 08:59:35.360991628+00:00,run1_set4
5.3738303,663.89355,2544.842,-468.81195,83.37533,-288.58184814453125,2021-12-28 10:24:23.437084316+00:00,run1_set4
18.875193,632.798,2463.0361,210.62975,-27.717178,290.31268310546875,2021-12-28 13:43:30.617352532+00:00,run1_set4
23.02261,985.9223,3668.8772,-224.3668,-265.3889,-542.419189453125,2021-12-28 14:39:34.967627836+00:00,run1_set4
122.33428,2793.032,10473.097,-390.00494,-269.14236,165.92578125,2021-12-28 19:08:40.736315976+00:00,run1_set4
34.41186,1349.9269,5340.4727,295.0106,22.361992,92.40380859375,2021-12-28 20:33:05.350453336+00:00,run1_set4
5.769216,427.47174,1564.6589,254.94685,-206.33563,-86.28717041015625,2021-12-28 21:15:41.782208108+00:00,run1_set4
111.55737,2865.301,11170.785,335.49814,-334.32214,182.17495727539062,2021-12-29 00:20:12.616210244+00:00,run1_set4
99.36783,1724.5406,6251.569,-101.03406,325.4633,-165.52239990234375,2021-12-29 05:33:26.356167420+00:00,run1_set4
71.40041,1663.5238,5739.9062,-290.64456,-143.90373,-500.75146484375,2021-12-29 05:33:34.514273892+00:00,run1_set4
41.926228,1049.7246,3949.2024,47.29615,361.55002,-326.92242431640625,2021-12-29 08:17:11.744287228+00:00,run1_set4
134.95793,2861.7903,9708.062,390.05948,75.417076,-323.84735107421875,2021-12-29 09:47:23.593470792+00:00,run1_set4
81.1419,2352.859,8132.3076,-100.51184,-176.90486,79.58251953125,2021-12-29 10:15:55.724038136+00:00,run1_set4
128.52716,3694.5498,14334.919,383.5291,-267.1134,229.76876831054688,2021-12-29 11:44:14.862027564+00:00,run1_set4
106.27867,2486.0852,9660.8545,-109.78509,-289.44293,4.7554931640625,2021-12-29 13:51:18.280875580+00:00,run1_set4
31.232248,1314.911,4873.2495,-24.04335,-395.69382,90.06243896484375,2021-12-30 03:34:29.923140536+00:00,run1_set4
101.0562,2457.7214,10776.962,476.45,16.904528,362.4007263183594,2021-12-30 05:09:35.429436652+00:00,run1_set4
97.179634,2521.441,9985.193,358.31427,-64.858215,-136.26708984375,2021-12-30 06:12:11.219871028+00:00,run1_set4
35.706615,1322.8555,4824.973,-277.9087,-352.85052,193.881591796875,2021-12-30 07:09:09.131470344+00:00,run1_set4
109.18645,2137.415,8243.789,-38.6828,-217.71875,385.421875,2021-12-30 07:49:07.267613372+00:00,run1_set4
134.64346,2334.11,8929.955,-202.4775,457.87064,85.49185180664062,2021-12-30 13:01:46.005266900+00:00,run1_set4
19.734007,665.1349,2915.8735,273.13913,-362.29266,78.88800048828125,2021-12-30 16:31:35.170330296+00:00,run1_set4
86.76377,2216.4785,8039.92,180.84676,-150.46748,21.30718994140625,2021-12-30 16:33:16.649678244+00:00,run1_set4
7.8863053,656.5971,2674.0635,284.15378,30.68619,-91.33953857421875,2021-12-30 17:23:00.104083720+00:00,run1_set4
105.819626,2293.9248,8358.633,211.88774,364.44382,168.071044921875,2021-12-30 20:23:23.748255796+00:00,run1_set4
30.547384,987.4239,3904.8618,294.19568,-135.15547,137.079345703125,2021-12-30 22:02:04.966539272+00:00,run1_set4
79.00634,1846.4569,7293.066,252.95338,-13.6566515,361.9134521484375,2021-12-30 22:26:56.925931288+00:00,run1_set4
17.611258,765.3209,3001.797,-56.83528,-310.63025,-43.7569580078125,2021-12-31 00:08:05.599432364+00:00,run1_set4
89.29723,1711.5071,5904.476,103.74351,323.86414,-142.92138671875,2021-12-31 01:49:45.438705536+00:00,run1_set4
111.61989,2381.5144,8878.905,-66.28917,-417.69635,-421.6226806640625,2021-12-31 01:53:43.469600368+00:00,run1_set4
5.468469,591.1853,2737.3962,74.39895,-507.18912,-418.6876220703125,2021-12-31 09:25:38.291627324+00:00,run1_set4
48.19247,1260.1636,5035.792,-321.07675,-23.33292,291.1304626464844,2021-12-31 14:34:54.140131460+00:00,run1_set4
96.4653,1986.767,7159.4004,375.61588,71.95377,39.81365966796875,2021-12-31 15:28:58.331120140+00:00,run1_set4
46.612743,1890.7941,6329.375,3.5791502,-9.826901,-68.15594482421875,2021-12-31 23:04:40.099796780+00:00,run1_set4
32.923588,1344.7927,4704.513,196.20322,324.82236,124.91342163085938,2022-01-01 00:29:32.868195840+00:00,run1_set4
76.63273,2001.782,7305.1333,84.80861,159.67853,81.43093872070312,2022-01-01 03:56:19.644943380+00:00,run1_set4
6.7783084,591.2413,2267.4504,-404.29056,300.45447,356.08251953125,2022-01-01 05:00:37.791366708+00:00,run1_set4
11.76455,632.05524,2409.7751,-352.92792,282.41376,179.87847900390625,2022-01-01 05:48:02.790281212+00:00,run1_set4
115.15611,2301.7385,8118.8486,-434.71207,280.79172,-140.18798828125,2022-01-01 05:51:58.990389720+00:00,run1_set4
38.044563,1658.0607,5067.5146,-59.986603,416.25226,-361.82379150390625,2022-01-01 07:55:12.860838032+00:00,run1_set4
43.72156,1088.6815,3974.7559,-402.47974,106.85625,84.83090209960938,2022-01-01 12:06:38.986239020+00:00,run1_set4
60.68115,1231.0721,4724.427,302.86966,-162.01012,-80.383544921875,2022-01-01 13:29:39.337902140+00:00,run1_set4
128.00958,2025.4144,7279.505,-454.73932,-2.8570595,-162.39691162109375,2022-01-01 15:47:51.474122532+00:00,run1_set4
60.13901,1595.4517,5877.0986,-156.29109,392.20297,81.02203369140625,2022-01-01 21:31:08.592438912+00:00,run1_set4
56.723747,1918.1133,7529.6265,-16.40017,-310.769,-213.54193115234375,2022-01-02 04:57:51.159469508+00:00,run1_set4
131.80136,2684.756,9427.801,-138.96252,333.05106,171.47659301757812,2022-01-02 11:23:13.494642300+00:00,run1_set4
133.88803,3041.5176,10974.782,52.441345,101.85376,-71.44952392578125,2022-01-02 11:38:24.668050136+00:00,run1_set4
129.17795,2524.7988,9764.413,-53.965904,-484.19247,198.79388427734375,2022-01-02 13:21:05.285408904+00:00,run1_set4
40.03903,1088.3152,4210.1123,1.1456392,-384.2952,144.38339233398438,2022-01-02 21:51:51.289765016+00:00,run1_set4
78.37728,1631.2461,6061.6465,174.92932,139.86552,331.36981201171875,2022-01-02 22:02:39.702891816+00:00,run1_set4
68.04531,2338.4307,8362.794,206.52055,-83.31273,161.60159301757812,2022-01-03 00:17:44.512504984+00:00,run1_set4
81.323944,1711.0634,6625.978,-71.62733,35.45776,222.70559692382812,2022-01-03 13:05:11.005406196+00:00,run1_set4
12.976265,764.18414,3052.817,-73.28057,-451.63034,222.64962768554688,2022-01-03 17:02:00.643817092+00:00,run1_set4
14.457076,742.48126,2853.5083,-185.91043,324.10394,-71.6119384765625,2022-01-04 05:22:33.989019544+00:00,run1_set4
10.968317,754.5191,2822.3745,335.70737,-161.53087,13.01727294921875,2022-01-04 05:51:57.375953644+00:00,run1_set4
52.751705,1146.1292,3899.6729,-298.28616,211.71454,-435.5137939453125,2022-01-04 06:18:19.467257720+00:00,run1_set4
43.34454,1556.8411,5347.4375,58.505684,-278.6492,-76.72027587890625,2022-01-04 08:45:03.079835184+00:00,run1_set4
61.490456,1564.5719,5622.24,-170.1937,-109.972404,-31.1541748046875,2022-01-04 14:00:22.624433536+00:00,run1_set4
93.17884,1984.4879,9100.031,35.680473,-513.89215,321.3155822753906,2022-01-04 16:02:52.011398020+00:00,run1_set4
128.8637,2435.4275,8130.2505,20.217674,-11.268789,-234.854736328125,2022-01-04 18:48:15.123755972+00:00,run1_set4
69.14492,1955.954,6657.41,277.49432,230.49202,-510.1168212890625,2022-01-05 03:48:12.811177852+00:00,run1_set4
117.147354,2658.135,9485.56,324.78296,92.51036,-540.850830078125,2022-01-05 06:57:55.802279052+00:00,run1_set4
34.810455,825.6838,3078.0889,62.351868,83.59785,-335.4306640625,2022-01-05 10:20:39.819781196+00:00,run1_set4
63.468224,1937.7632,6904.175,349.9583,381.4366,-350.12274169921875,2022-01-05 14:00:17.322742980+00:00,run1_set4
124.455826,2381.9187,8962.839,-49.65395,-299.9148,206.19873046875,2022-01-06 02:37:21.610696712+00:00,run1_set4
118.694984,2459.8193,9970.253,-122.118904,-475.2867,392.19378662109375,2022-01-06 05:16:30.033632920+00:00,run1_set4
16.687916,1325.3258,5260.8267,248.13481,306.1495,468.718017578125,2022-01-06 05:57:41.796820916+00:00,run1_set4
53.67878,1198.714,3894.2688,333.8656,-141.06017,-439.2498779296875,2022-01-06 07:44:57.467397660+00:00,run1_set4
116.76062,2867.7734,9795.76,-349.43503,-243.69019,-544.7100830078125,2022-01-06 09:50:32.034241920+00:00,run1_set4
94.14625,2148.9192,8235.831,63.701965,-466.94406,-163.069091796875,2022-01-06 20:10:21.340153020+00:00,run1_set4
59.403316,1557.7467,6146.79,-110.7474,-460.50964,-268.22137451171875,2022-01-07 12:30:16.281070852+00:00,run1_set4
80.21876,1534.8788,6040.626,43.283516,354.78732,420.09918212890625,2022-01-07 15:11:56.977291124+00:00,run1_set4
5.678291,646.5814,3044.6204,-265.97974,401.9364,464.72991943359375,2022-01-07 17:43:31.549552816+00:00,run1_set4
15.432364,569.9274,2567.305,172.03653,-315.91394,381.32177734375,2022-01-07 19:54:31.311932840+00:00,run1_set4
30.159872,1240.4254,4509.6724,-269.46875,-106.677895,-144.37774658203125,2022-01-08 02:21:56.054634352+00:00,run1_set4
129.05853,2729.3975,9132.289,319.34805,-330.70755,-37.9820556640625,2022-01-08 09:23:19.870987216+00:00,run1_set5
84.993835,1548.5676,5027.509,-132.3757,-192.42155,-92.874267578125,2022-01-08 12:12:45.102333816+00:00,run1_set5
52.345737,1269.3247,4266.9575,-451.32974,-79.30821,40.39617919921875,2022-01-08 19:56:50.982038444+00:00,run1_set5
15.832585,818.2718,2548.0146,-22.973753,-294.1628,-93.2607421875,2022-01-08 21:44:40.610086288+00:00,run1_set5
53.44498,1323.7517,4331.2427,-450.76685,-201.90643,66.54840087890625,2022-01-09 01:35:56.314984204+00:00,run1_set5
82.29532,1986.4958,6476.204,-435.3907,255.73196,288.7835388183594,2022-01-09 01:46:21.032514252+00:00,run1_set5
101.163994,2356.162,7165.5635,-224.42867,-123.19184,-52.0244140625,2022-01-09 13:45:12.502697224+00:00,run1_set5
89.33058,2365.83,7090.1323,-304.28387,236.4345,108.84906005859375,2022-01-09 15:27:53.552191768+00:00,run1_set5
59.430527,2446.5308,7363.429,305.1029,127.39104,67.48944091796875,2022-01-09 16:27:23.036207752+00:00,run1_set5
113.607574,2380.4763,9323.145,438.64566,-33.821896,452.7880859375,2022-01-09 16:43:25.849404024+00:00,run1_set5
83.9706,2535.252,8266.092,-448.00763,-57.69973,356.30657958984375,2022-01-09 18:45:28.170016716+00:00,run1_set5
33.37525,1065.3508,3552.809,200.91402,-228.67607,-301.58233642578125,2022-01-09 20:36:03.684206232+00:00,run1_set5
48.35158,1624.1748,5812.654,181.27661,-455.37152,-332.00274658203125,2022-01-09 23:34:54.009084664+00:00,run1_set5
34.227863,1072.1439,3251.0083,220.04465,63.356415,-297.01177978515625,2022-01-10 01:03:19.953895668+00:00,run1_set5
69.782715,1488.2864,4864.61,-255.24417,-51.810402,-48.097900390625,2022-01-10 02:26:52.494364168+00:00,run1_set5
2.990104,145.74483,343.24667,-80.620674,-38.793102,-254.2685546875,2022-01-10 05:01:44.900641968+00:00,run1_set5
38.298103,768.52,2353.7979,-115.230156,-174.92169,-480.14453125,2022-01-10 06:27:23.227212632+00:00,run1_set5
80.657845,1954.4186,6812.298,-52.16097,436.4166,484.9336242675781,2022-01-10 07:04:16.000766596+00:00,run1_set5
16.564516,1038.4807,4081.5874,481.44336,-194.7721,-376.28619384765625,2022-01-10 07:43:09.785749388+00:00,run1_set5
76.036285,2372.5388,7670.277,-126.07403,464.77438,274.8532409667969,2022-01-10 10:55:17.914624256+00:00,run1_set5
23.870752,479.8357,1577.2563,-288.87607,332.83194,-388.9561767578125,2022-01-10 13:13:44.158954536+00:00,run1_set5
57.07364,1267.8732,4206.059,314.25793,-114.15348,211.85598754882812,2022-01-10 13:38:53.106283804+00:00,run1_set5
42.237606,975.3916,3821.8772,302.97217,-421.96378,222.11187744140625,2022-01-10 14:57:41.377854676+00:00,run1_set5
2.7518198,548.3149,1854.3268,-166.85432,-165.95964,275.45257568359375,2022-01-10 16:52:19.498474396+00:00,run1_set5
118.21941,2420.9497,8005.6626,253.7429,-372.77563,-60.12939453125,2022-01-11 01:31:05.760090556+00:00,run1_set5
59.54872,1595.1968,4914.9697,186.18294,-139.74782,-345.18243408203125,2022-01-11 03:41:38.223530624+00:00,run1_set5
99.190186,1933.9357,5452.447,122.209175,336.31442,-529.0882568359375,2022-01-11 03:56:29.043707888+00:00,run1_set5
20.685787,1014.08765,3110.1487,-132.63681,-184.93146,14.55206298828125,2022-01-11 05:24:19.936417764+00:00,run1_set5
101.59248,2332.7124,6808.0005,159.3047,299.21487,-35.52313232421875,2022-01-11 05:31:43.601082788+00:00,run1_set5
125.0805,2156.2058,7450.994,-146.02942,-474.57196,-350.2459716796875,2022-01-11 08:29:46.751783492+00:00,run1_set5
101.10872,1622.2773,5073.771,73.325005,85.94272,38.21734619140625,2022-01-11 11:21:50.158719512+00:00,run1_set5
44.92875,1155.5754,3776.3462,49.86579,-70.8594,190.28561401367188,2022-01-11 12:23:31.958165280+00:00,run1_set5
56.79352,1403.0741,4859.5,-287.95554,395.3201,132.59832763671875,2022-01-11 13:14:06.381529960+00:00,run1_set5
121.249794,3116.4941,10208.998,345.26865,24.313923,99.73583984375,2022-01-11 15:26:41.636391200+00:00,run1_set5
104.33539,2487.3235,8092.8447,170.67113,-337.2082,381.3441467285156,2022-01-11 17:05:37.910425680+00:00,run1_set5
96.63952,2480.4844,7587.8965,-90.6248,-344.90237,100.71041870117188,2022-01-11 22:44:52.001184100+00:00,run1_set5
78.41545,1453.0134,4734.2563,-256.999,-245.58481,78.37823486328125,2022-01-12 00:03:34.179300660+00:00,run1_set5
130.58017,3133.3025,11188.596,458.1375,7.5351644,337.4247741699219,2022-01-12 01:11:57.346600664+00:00,run1_set5
114.63875,2443.9917,9146.933,388.5326,-270.50348,488.44561767578125,2022-01-12 01:22:05.162619804+00:00,run1_set5
106.98518,2383.7932,7704.203,276.2757,-124.594864,-115.6209716796875,2022-01-12 08:42:46.139183496+00:00,run1_set5
54.475296,1636.7848,5260.9893,291.6434,391.7256,-330.6807861328125,2022-01-12 09:24:27.602170640+00:00,run1_set5
29.157198,1215.4272,3258.098,241.85876,213.0624,-174.91571044921875,2022-01-12 12:34:50.999605180+00:00,run1_set5
104.04378,1940.2181,6504.6963,-155.43953,322.3709,315.33905029296875,2022-01-12 16:43:24.766845736+00:00,run1_set5
69.558395,1461.7313,5007.605,-164.66223,-237.70808,-410.9747314453125,2022-01-12 19:29:03.245478280+00:00,run1_set5
80.60993,1917.6328,5874.6514,195.19432,-181.73717,-133.04083251953125,2022-01-12 20:05:02.530021708+00:00,run1_set5
131.12007,2728.2026,7920.7954,-153.55914,-102.40635,-73.3203125,2022-01-12 21:05:33.745922116+00:00,run1_set5
107.84226,2477.6934,8290.793,390.40152,-279.27737,-189.0421142578125,2022-01-13 01:51:56.071168384+00:00,run1_set5
35.041565,1141.9252,3525.9937,-66.699295,343.84354,-262.34002685546875,2022-01-13 03:18:02.162078484+00:00,run1_set5
24.928644,1038.566,3442.4631,430.7537,19.80626,-442.5152587890625,2022-01-13 07:52:50.650215640+00:00,run1_set5
125.56513,3103.3706,9243.42,-424.39676,288.67795,112.83154296875,2022-01-13 10:56:12.015292808+00:00,run1_set5
73.00113,1982.8229,6147.8105,175.1666,-169.15323,-13.1685791015625,2022-01-13 12:19:39.866097604+00:00,run1_set5
133.52097,2793.1555,8645.414,53.891068,-402.77927,65.92108154296875,2022-01-13 14:21:08.528281324+00:00,run1_set5
13.240127,937.2029,2988.3354,246.15646,253.5288,89.5079345703125,2022-01-13 14:36:19.888108256+00:00,run1_set5
117.913445,2369.8796,8050.4966,-195.31317,-272.431,234.54107666015625,2022-01-13 21:59:09.364919608+00:00,run1_set5
104.30854,2483.967,8113.263,244.03932,-343.89,-372.16363525390625,2022-01-14 07:25:24.981033452+00:00,run1_set5
89.145485,1956.9576,6388.7876,-142.75719,307.58243,363.8570556640625,2022-01-14 13:24:32.876338484+00:00,run1_set5
39.96895,1700.4841,6076.5044,342.03168,-132.05539,393.532470703125,2022-01-14 20:38:11.379556940+00:00,run1_set5
59.582172,1712.7898,5443.7886,-185.16504,321.20087,-393.09552001953125,2022-01-15 01:03:24.947994596+00:00,run1_set5
110.86376,1828.8754,5542.926,203.18092,259.33798,-109.1514892578125,2022-01-15 02:50:32.826243080+00:00,run1_set5
35.177025,1139.7732,3695.4976,-369.5369,-217.24672,-537.529296875,2022-01-15 04:14:44.607702820+00:00,run1_set5
82.889565,1567.896,5640.9736,-136.51146,-303.0304,188.806884765625,2022-01-15 05:20:14.590400140+00:00,run1_set5
116.11466,2373.804,7460.8,285.76535,379.1838,105.7459716796875,2022-01-15 08:27:47.830894912+00:00,run1_set5
40.497807,953.7105,3142.1409,227.20119,46.712887,290.5871276855469,2022-01-15 12:54:55.468304224+00:00,run1_set5
34.13251,1153.505,3723.3167,236.8581,267.2809,-10.9560546875,2022-01-15 13:30:53.128747548+00:00,run1_set5
8.4226265,607.05835,2193.5466,-103.4715,-229.95468,235.41485595703125,2022-01-15 15:36:53.814082552+00:00,run1_set5
130.76537,2716.865,7201.332,-125.59296,-1.9454684,-127.39471435546875,2022-01-15 17:21:40.270438276+00:00,run1_set5
110.79385,2189.1116,7413.0513,-274.47482,330.5876,492.4449157714844,2022-01-15 17:24:07.197763108+00:00,run1_set5
3.737816,716.51074,2109.127,-490.61984,-21.238281,-159.741943359375,2022-01-15 19:39:15.750240472+00:00,run1_set5
39.82366,1180.0787,3689.3271,274.78055,-7.1818438,-389.8524169921875,2022-01-15 21:08:25.486465760+00:00,run1_set5
31.736662,1100.441,3287.4868,-279.1156,-327.02036,-531.793701171875,2022-01-16 05:50:37.106986480+00:00,run1_set5
81.64386,2314.9954,7447.659,214.10648,-70.8026,409.8096923828125,2022-01-16 16:25:22.790817716+00:00,run1_set5
76.34206,1909.8673,6175.638,355.83136,-297.75903,-372.27569580078125,2022-01-16 16:42:31.957986544+00:00,run1_set5
41.749508,1169.2657,4019.9553,55.504185,437.77914,347.90472412109375,2022-01-16 17:16:27.335406768+00:00,run1_set5
29.602598,1194.3042,4359.4277,-253.33937,-281.25906,375.33404541015625,2022-01-16 18:08:09.701907508+00:00,run1_set5
83.90117,2005.4808,7129.2236,380.2969,-298.86157,135.91989135742188,2022-01-16 21:39:22.797104284+00:00,run1_set5
6.8791037,641.5455,2201.061,167.64708,-388.8394,145.11154174804688,2022-01-16 23:01:42.913854296+00:00,run1_set5
4.6742477,496.9952,1574.3169,274.32993,89.09152,-198.89459228515625,2022-01-16 23:57:09.795640544+00:00,run1_set5
21.777237,700.63104,2501.8745,149.01526,-50.538746,-544.8109130859375,2022-01-17 00:11:44.703552164+00:00,run1_set5
90.6775,1641.4427,5238.788,377.13934,-169.04985,-527.0380859375,2022-01-17 01:39:21.686012544+00:00,run1_set5
79.6753,2042.7292,5992.7754,167.89131,337.42563,-201.66168212890625,2022-01-17 04:40:48.420805400+00:00,run1_set5
36.407536,1223.2396,3597.3447,194.48451,160.62578,-501.5916748046875,2022-01-17 05:45:34.527604488+00:00,run1_set5
46.890427,1237.2646,4326.263,-413.4323,-43.91996,126.47055053710938,2022-01-17 06:26:52.735177356+00:00,run1_set5
105.158714,2379.3281,6914.5654,-84.71484,-104.791794,202.69793701171875,2022-01-17 11:33:45.554783228+00:00,run1_set5
29.733164,1127.1549,3530.3467,-170.35823,296.43045,21.503173828125,2022-01-17 11:56:21.607080204+00:00,run1_set5
130.02145,2194.6057,6736.4663,232.81512,-296.78284,-291.1416015625,2022-01-17 12:07:50.666928296+00:00,run1_set5
16.348467,594.97095,1657.7032,380.32852,176.92673,-501.546875,2022-01-17 16:01:28.711447308+00:00,run1_set5
75.15358,1864.3995,6056.199,116.42539,127.27988,-451.8526611328125,2022-01-17 18:54:24.131527844+00:00,run1_set5
91.19686,1758.4756,5542.028,-333.4827,-162.53809,-119.26177978515625,2022-01-17 22:12:30.317230976+00:00,run1_set5
2.6369867,430.7811,1637.9451,211.6573,-229.214,-477.8759765625,2022-01-18 01:25:14.395102220+00:00,run1_set5
109.13061,1958.7668,6916.076,373.55118,-255.81195,125.79843139648438,2022-01-18 01:45:50.743343328+00:00,run1_set5
102.977554,1798.828,6541.4673,294.06628,-418.5815,-324.65386962890625,2022-01-18 01:51:54.189406176+00:00,run1_set5
113.00113,1479.7018,5340.09,6.3506446,-280.57394,481.2256164550781,2022-01-18 06:20:52.237989468+00:00,run1_set5
45.344154,1153.1986,4194.6787,-17.114372,28.196522,381.76983642578125,2022-01-18 07:28:01.867108016+00:00,run1_set5
94.873924,2020.4363,6759.021,38.00387,386.6677,-419.79107666015625,2022-01-18 09:10:54.184839232+00:00,run1_set5
39.617027,862.9913,3464.1885,-73.82368,-237.86034,-336.3773193359375,2022-01-18 11:16:53.755610356+00:00,run1_set5
50.45194,1528.816,3646.0527,-250.97078,111.84639,-334.8369140625,2022-01-19 08:06:48.736637032+00:00,run1_set5
132.17749,2146.6938,7049.4443,-435.44565,-107.7941,-403.12176513671875,2022-01-19 14:59:26.450714180+00:00,run1_set5
96.86767,2059.5242,6567.5464,175.0843,453.13232,-378.9803466796875,2022-01-19 16:30:44.455091836+00:00,run1_set5
104.607216,2260.739,7309.3765,136.22183,-279.9365,-203.61651611328125,2022-01-19 22:58:49.577206420+00:00,run1_set5
49.22187,1612.936,4958.528,137.74777,269.7204,-327.96978759765625,2022-01-20 00:10:23.733966232+00:00,run1_set5
10.6215105,666.44214,2033.473,52.39489,289.37387,-425.403564453125,2022-01-20 02:01:00.005486772+00:00,run1_set5
67.749466,1763.8977,5814.19,-284.53247,-361.18216,72.88348388671875,2022-01-20 04:51:52.129805848+00:00,run1_set5
29.336325,1530.8226,5149.762,257.18802,331.68973,468.1859130859375,2022-01-20 07:46:06.552207912+00:00,run1_set5
74.86379,2154.8997,7350.516,343.91583,-203.0857,-123.569091796875,2022-01-20 16:23:52.126926740+00:00,run1_set5
99.14829,2045.2838,6530.8027,127.17207,60.623898,-218.4598388671875,2022-01-20 17:27:50.213366172+00:00,run1_set5
130.98251,2789.92,8918.49,73.84559,58.947445,-248.320068359375,2022-01-20 19:42:19.891619284+00:00,run1_set5
66.69245,1792.6027,6203.772,-192.36,-165.81451,484.6591796875,2022-01-21 01:59:11.552191336+00:00,run1_set5
84.05502,1601.1033,4667.473,-136.35046,-53.50263,-205.212890625,2022-01-21 02:10:19.724801408+00:00,run1_set5
75.8689,1531.4867,5265.7466,-279.79684,-161.36105,-34.514892578125,2022-01-21 05:56:09.025459052+00:00,run1_set5
25.982843,914.65826,2808.8445,-77.10634,-202.04678,-215.58642578125,2022-01-21 10:04:51.541398772+00:00,run1_set5
119.62855,2367.525,6923.4727,-114.93601,291.5768,-119.37939453125,2022-01-21 10:48:37.860675132+00:00,run1_set5
80.01933,1816.6699,5582.8296,106.23573,90.39625,-481.9033203125,2022-01-21 11:33:52.571055724+00:00,run1_set5
57.24061,1260.4814,4050.476,-379.63763,350.46402,308.5727233886719,2022-01-21 11:45:41.321466372+00:00,run1_set5
53.60016,1818.9199,6477.8867,170.11981,-408.47018,-247.21099853515625,2022-01-21 13:01:58.186803020+00:00,run1_set5
119.801186,2390.5447,6742.4844,-400.71222,224.21765,22.4833984375,2022-01-21 17:03:15.408701900+00:00,run1_set5
105.728325,1961.0759,6744.5576,236.69383,394.15567,451.12451171875,2022-01-22 11:15:48.562105100+00:00,run1_set5
83.38602,1992.1803,5803.152,380.52164,186.98267,57.12152099609375,2022-01-22 11:33:23.186268368+00:00,run1_set5
37.895752,1047.4395,3717.3242,-185.0458,-152.39885,183.09918212890625,2022-01-22 12:41:07.439193516+00:00,run1_set5
90.23614,2403.5986,7963.258,-485.77084,25.74264,141.476318359375,2022-01-22 16:29:50.865807100+00:00,run1_set5
38.499184,1200.2631,3714.0945,-43.57321,76.79432,-506.3751220703125,2022-01-22 18:43:44.156928092+00:00,run1_set5
83.45277,1690.5392,6004.1675,-38.293255,-331.55637,208.36642456054688,2022-01-22 19:17:33.146874204+00:00,run1_set5
114.71579,2076.232,6396.7007,45.97283,165.5148,64.1007080078125,2022-01-22 20:05:21.772037732+00:00,run1_set5
55.972736,1516.3446,4905.098,-25.523685,257.67523,-64.00543212890625,2022-01-23 05:26:40.746855104+00:00,run1_set5
65.03766,1657.9346,5549.173,-345.54602,-25.789213,469.11572265625,2022-01-23 05:38:48.567291212+00:00,run1_set5
89.385605,2600.129,8534.53,283.82288,-300.4849,-284.42572021484375,2022-01-23 07:51:51.266425692+00:00,run1_set5
39.893024,1421.4163,5258.305,75.80219,-466.42734,58.71783447265625,2022-01-23 11:01:36.417134932+00:00,run1_set5
8.272657,525.9559,1716.3561,66.48542,-178.45686,408.12933349609375,2022-01-23 11:54:08.558100224+00:00,run1_set5
56.50816,1492.2622,4568.3193,-218.03639,302.28772,49.11737060546875,2022-01-23 15:09:32.923482056+00:00,run1_set5
20.445253,1057.7424,3430.7996,207.74976,-328.3456,-45.96380615234375,2022-01-23 15:14:37.580792296+00:00,run1_set5
33.016056,1343.8284,4001.2278,-71.84364,253.02094,87.799560546875,2022-01-23 19:23:28.712855624+00:00,run1_set5
119.75317,2396.0508,7996.7056,179.05292,-331.7209,-506.9913330078125,2022-01-23 20:32:21.697030380+00:00,run1_set5
41.493336,1874.8109,6218.626,169.96327,-113.05556,301.79522705078125,2022-01-24 03:40:13.392602140+00:00,run1_set5
36.722927,1177.4408,4830.737,-477.41357,-178.80234,220.179443359375,2022-01-24 04:52:33.840895440+00:00,run1_set5
96.5812,2181.8464,6175.291,446.60175,185.36633,-477.394287109375,2022-01-24 07:49:35.883891868+00:00,run1_set5
8.757776,490.09692,1656.5194,-28.603065,15.096402,25.5584716796875,2022-01-24 14:08:32.869302336+00:00,run1_set5
64.130615,1176.8827,4147.74,151.3151,436.9698,-272.46142578125,2022-01-24 21:41:01.460529324+00:00,run1_set5
13.190569,954.3792,3049.598,-132.70297,370.09555,-417.1024169921875,2022-01-24 23:10:45.695280320+00:00,run1_set5
51.484848,1460.9105,5445.464,-9.639884,-477.7289,285.3667907714844,2022-01-24 23:32:51.803072460+00:00,run1_set5
40.90302,1380.4943,4504.105,47.917774,428.81848,88.3316650390625,2022-01-25 05:25:29.143160+00:00,run1_set5
90.52938,1842.8344,5476.7896,-116.07753,-80.260086,-156.43157958984375,2022-01-25 08:13:43.013146420+00:00,run1_set5
33.01467,971.27454,3249.3245,-186.39055,-205.52327,-393.0283203125,2022-01-25 08:59:28.383878856+00:00,run1_set5
84.37667,2085.502,6564.7744,131.77834,97.46983,382.778076171875,2022-01-25 17:33:49.431269124+00:00,run1_set5
92.783554,1634.5266,5258.4707,-384.19153,-16.396002,108.35052490234375,2022-01-25 23:03:01.022596348+00:00,run1_set5
127.79754,3577.7927,10548.686,-336.07446,-296.41635,4.8115234375,2022-01-26 00:32:48.116010756+00:00,run1_set5
109.64666,1917.9717,7359.9736,364.7049,-343.99844,307.37969970703125,2022-01-26 00:34:44.737139772+00:00,run1_set5
106.30204,2424.275,7999.5576,-151.54428,452.07913,-6.67669677734375,2022-01-26 01:59:50.081424172+00:00,run1_set5
7.6953025,327.26465,1290.7161,73.91111,-391.02036,430.26544189453125,2022-01-26 03:32:21.778540160+00:00,run1_set5
29.162426,783.8532,3189.4436,134.49037,-473.7707,477.68560791015625,2022-01-26 03:45:20.130930108+00:00,run1_set5
46.229893,1608.1543,6340.136,-29.689365,-476.87085,485.4545593261719,2022-01-26 11:20:42.881391856+00:00,run1_set5
87.19319,2461.118,7768.717,274.28958,-206.11456,296.8997497558594,2022-01-26 14:22:33.207246244+00:00,run1_set5
20.259777,925.4239,2935.994,348.52487,-240.13474,-416.96246337890625,2022-01-26 15:59:24.774558524+00:00,run1_set5
82.6379,1397.7638,4922.604,-453.38086,-52.84422,258.62640380859375,2022-01-26 17:19:10.533890872+00:00,run1_set5
72.259575,2058.2942,7080.9165,268.27466,-6.196622,-136.737548828125,2022-01-27 01:04:20.296653236+00:00,run1_set5
117.05574,2402.1816,6956.094,-231.3226,296.3157,84.29876708984375,2022-01-27 06:04:36.025998260+00:00,run1_set5
125.495155,2365.2463,6232.8203,-247.21245,259.55283,104.2728271484375,2022-01-27 07:11:26.911652620+00:00,run1_set5
124.11771,2604.581,7122.681,444.8554,132.41963,-79.20721435546875,2022-01-27 07:50:35.000358952+00:00,run1_set5
8.6265,649.8863,2327.593,77.211266,-379.27127,-276.01824951171875,2022-01-27 18:43:29.953169752+00:00,run1_set5
19.08125,654.45245,2407.977,105.91846,313.24554,272.5455017089844,2022-01-27 21:01:16.919290964+00:00,run1_set5
105.56244,2269.37,7156.645,288.7315,235.77979,255.39450073242188,2022-01-28 01:21:50.380460788+00:00,run1_set5
66.48109,1942.2404,6540.523,243.18518,-406.24,-433.6373291015625,2022-01-28 03:52:22.561757452+00:00,run1_set5
32.28269,1179.6525,4231.768,-173.40793,-174.23434,49.761474609375,2022-01-28 07:01:14.472558692+00:00,run1_set5
8.108419,747.04834,2691.5488,136.5398,-217.7553,418.261962890625,2022-01-28 07:31:57.730864896+00:00,run1_set5
22.158018,1163.1128,4335.8325,-28.354027,-444.6853,437.89434814453125,2022-01-28 08:59:17.285657636+00:00,run1_set5
49.071514,1898.7072,7003.6885,256.45975,-312.2111,473.82635498046875,2022-01-28 10:21:29.617985124+00:00,run1_set5
124.36969,3191.684,10384.726,-154.31099,-228.79018,217.5020751953125,2022-01-28 11:56:05.777213512+00:00,run1_set5
17.848621,1092.0543,3774.677,207.40047,-354.88672,-27.40130615234375,2022-01-28 12:01:17.024197676+00:00,run1_set5
123.026184,2398.5054,8423.347,-190.10861,-223.2511,425.2635498046875,2022-01-28 13:47:55.199839748+00:00,run1_set5
64.74473,1729.7592,5938.2583,-253.25316,-165.34933,-359.00067138671875,2022-01-28 14:33:33.963597952+00:00,run1_set5
107.51353,2640.6272,8923.943,-108.59552,-389.3294,265.87445068359375,2022-01-28 16:21:02.517473520+00:00,run1_set5
12.165442,989.1123,3158.8794,-444.12363,4.9009933,-201.50482177734375,2022-01-28 16:56:37.348219584+00:00,run1_set5
68.01054,1467.8424,5043.8076,-102.14119,-427.61526,195.19790649414062,2022-01-28 23:50:44.935680764+00:00,run1_set5
86.68751,2033.6576,6687.7573,-314.3158,-307.49017,-105.3370361328125,2022-01-29 00:39:37.789153976+00:00,run1_set5
13.643172,687.8453,2374.1453,74.18994,-261.38657,-6.47503662109375,2022-01-29 01:52:29.475989568+00:00,run1_set5
3.4148762,51.08494,231.73703,-214.17165,326.01547,365.369384765625,2022-01-29 05:05:42.456563068+00:00,run1_set5
92.771515,2221.084,6990.6187,309.42792,-216.9586,-86.908935546875,2022-01-29 10:53:23.062916652+00:00,run1_set5
86.31466,1698.3915,5251.6313,209.27878,-9.372152,-512.48046875,2022-01-29 11:51:31.943226920+00:00,run1_set5
10.437493,866.52844,2674.1138,154.00345,110.79759,-399.962646484375,2022-01-29 14:54:06.793732964+00:00,run1_set5
50.453926,1430.2483,4793.9443,12.962844,-48.039787,274.7243957519531,2022-01-29 15:29:31.043517244+00:00,run1_set5
26.329422,1326.4606,4765.621,98.91447,-341.34735,376.58868408203125,2022-01-29 15:42:56.487565808+00:00,run1_set5
27.37751,939.6355,3230.3953,-218.7106,-180.914,-40.56982421875,2022-01-29 16:18:29.835152748+00:00,run1_set5
120.4931,2435.8425,7802.9385,77.249405,-310.67865,-470.17431640625,2022-01-29 16:52:14.581475488+00:00,run1_set5
19.862709,802.91583,3428.2725,-160.7979,-475.62085,469.1717224121094,2022-01-29 17:48:02.854264292+00:00,run1_set5
98.02756,1804.8683,5285.8413,-133.11623,200.04813,-119.78826904296875,2022-01-29 20:23:44.177415664+00:00,run1_set5
11.358892,553.1384,2039.4751,-413.20346,-111.875404,477.1759033203125,2022-01-29 21:57:57.970145552+00:00,run1_set5
8.604808,619.9957,2086.5977,337.3929,-244.32283,-48.193115234375,2022-01-30 00:46:06.381425736+00:00,run1_set5
3.188336,273.35504,1146.8738,238.00674,-424.1645,49.9071044921875,2022-01-30 01:57:38.363309148+00:00,run1_set5
43.97642,1551.2227,4839.355,-201.45123,-19.877449,-292.8668212890625,2022-01-30 02:59:12.913976404+00:00,run1_set5
63.298534,1977.4961,6277.1484,-429.6138,-120.91944,-86.95379638671875,2022-01-30 03:23:10.725545828+00:00,run1_set5
35.158794,1405.845,3698.8044,-52.343914,181.49997,-413.63531494140625,2022-01-30 03:32:12.407382032+00:00,run1_set5
130.58871,2793.5671,8772.296,105.49333,-204.75098,-22.06890869140625,2022-01-30 03:35:26.066821148+00:00,run1_set5
61.041424,1681.1104,5120.336,185.17183,363.5724,110.61904907226562,2022-01-30 04:38:18.823387740+00:00,run1_set5
104.20916,2201.4072,7345.853,-89.33838,-299.38266,36.44171142578125,2022-01-30 06:18:50.438084268+00:00,run1_set5
59.777664,1724.2872,5818.144,-344.15677,-359.7092,-9.02362060546875,2022-01-30 09:46:11.922705604+00:00,run1_set5
14.570759,825.85925,2550.678,348.51245,328.08853,-263.376220703125,2022-01-30 10:33:57.705345032+00:00,run1_set5
40.1906,1465.356,4508.7334,-84.96485,269.29224,-470.039794921875,2022-01-30 10:49:26.560497728+00:00,run1_set5
22.112675,701.38806,2642.4692,-317.43127,-257.54254,435.35137939453125,2022-01-30 13:53:16.257418864+00:00,run1_set5
90.23529,2401.79,7654.02,-423.08917,108.501686,236.9608154296875,2022-01-30 17:28:19.251745652+00:00,run1_set5
127.89148,2392.7988,7275.111,-2.906263,32.480396,-552.495849609375,2022-01-30 21:29:34.830934044+00:00,run1_set5
54.77036,1715.4197,5337.599,25.812048,318.50714,-31.27734375,2022-01-31 01:29:11.519879440+00:00,run1_set5
75.48244,1688.7308,5039.5356,-369.88657,49.88105,-33.646728515625,2022-01-31 02:51:48.994307384+00:00,run1_set5
69.324196,1773.5774,5748.7544,267.01154,62.928013,-128.13970947265625,2022-01-31 16:56:57.033726056+00:00,run1_set5
34.57137,974.14087,2785.8308,-40.2433,-33.280178,-417.55621337890625,2022-01-31 21:37:25.785492208+00:00,run1_set5
74.08958,2525.7288,9245.69,451.29553,-186.61441,454.07635498046875,2022-01-31 22:55:21.343350096+00:00,run1_set5
81.047035,1929.2336,6199.095,-147.83649,399.3664,112.34423828125,2022-02-01 00:19:04.334547004+00:00,run1_set5
117.30562,2166.3394,7476.791,81.06526,404.9157,102.09393310546875,2022-02-01 03:38:33.137509499+00:00,run1_set5
38.271202,961.3431,3357.0974,-188.85504,338.75998,164.44140625,2022-02-01 04:09:48.748986796+00:00,run1_set5
20.704834,962.4076,3530.507,358.07455,33.353905,-32.03912353515625,2022-02-01 08:09:54.721544308+00:00,run1_set5
93.28814,1828.2435,6346.803,-3.7034125,504.22025,415.1028747558594,2022-02-01 10:27:17.984525480+00:00,run1_set5
105.563675,2289.4985,7634.921,50.309372,-209.50645,190.11758422851562,2022-02-01 12:15:13.001182040+00:00,run1_set5
71.11255,1547.9271,5446.273,-247.88641,439.098,-379.7645263671875,2022-02-01 14:11:56.177118604+00:00,run1_set5
39.63645,1326.7263,4143.376,-335.055,152.70589,229.23666381835938,2022-02-01 16:17:58.521354416+00:00,run1_set5
117.146965,2448.5137,7895.577,217.18385,-384.44235,-69.6962890625,2022-02-01 22:37:35.586854468+00:00,run1_set5
71.16583,1818.2722,5871.1704,114.86487,-92.54548,-89.73199462890625,2022-02-01 23:36:23.716833612+00:00,run1_set5
35.03929,945.08154,3422.487,225.04227,-378.7309,-10.57513427734375,2022-02-02 04:33:29.807044724+00:00,run1_set5
36.552315,1155.2761,4155.206,-90.13732,439.7899,402.4776611328125,2022-02-02 07:19:18.254875988+00:00,run1_set5
75.68492,2144.5178,6876.8535,-309.54266,301.37625,262.1607971191406,2022-02-02 08:03:44.177553288+00:00,run1_set5
80.28814,2374.3237,8437.198,240.13216,-366.03912,328.1098937988281,2022-02-02 13:59:26.813006448+00:00,run1_set5
35.129745,834.90405,3761.3113,127.23409,-489.83704,414.23468017578125,2022-02-02 15:27:31.193691304+00:00,run1_set5
106.40597,2047.782,6658.525,-298.44745,-319.92697,254.95199584960938,2022-02-02 22:15:27.840114144+00:00,run1_set5
99.173744,2984.8481,9972.499,92.349045,39.551205,143.49276733398438,2022-02-02 23:27:57.695637668+00:00,run1_set5
118.03843,2568.9402,8796.239,83.778366,392.8896,213.6707763671875,2022-02-02 23:49:57.680616452+00:00,run1_set5
133.40228,2145.9094,7527.174,51.308266,-32.915993,200.51907348632812,2022-02-03 00:13:46.792563728+00:00,run1_set5
16.852808,509.32837,1726.8694,-266.18564,303.92972,-15.26336669921875,2022-02-03 03:59:07.682974368+00:00,run1_set5
4.3685646,573.4533,2187.9885,397.314,-9.456983,197.76327514648438,2022-02-03 09:26:57.633356864+00:00,run1_set5
27.746998,1568.8733,5247.379,168.04529,153.47102,259.7298583984375,2022-02-03 10:34:57.237541028+00:00,run1_set5
2.3668337,360.88763,1325.3005,-406.75266,-48.143875,22.84185791015625,2022-02-03 10:53:54.850500268+00:00,run1_set5
110.80821,2215.4797,6569.617,202.78479,0.53555644,-395.364013671875,2022-02-04 04:19:39.146356444+00:00,run1_set5
69.89324,1440.266,5327.771,467.5082,37.988647,288.31304931640625,2022-02-04 07:49:39.769854476+00:00,run1_set5
40.683903,1403.3448,5352.601,80.23173,-458.4602,-30.80682373046875,2022-02-04 08:13:45.785813804+00:00,run1_set5
13.076683,442.6992,1554.7452,-47.173042,-505.9715,-145.7947998046875,2022-02-04 10:49:21.893484980+00:00,run1_set5
53.317364,1641.8163,6117.4316,101.37744,-501.99634,100.52560424804688,2022-02-04 12:22:42.831560688+00:00,run1_set5
33.456993,846.2115,3487.9102,-84.93521,-466.05646,286.54302978515625,2022-02-04 13:05:44.265920760+00:00,run1_set5
75.71866,1643.5938,4887.415,-327.25647,232.71591,-429.32440185546875,2022-02-04 15:14:18.434189996+00:00,run1_set5
110.423416,1805.0062,6986.5103,399.0077,-214.35902,494.2485046386719,2022-02-04 17:31:35.370752788+00:00,run1_set5
59.830647,1073.2792,3924.4207,-195.53117,437.9417,90.12966918945312,2022-02-04 18:03:02.498797356+00:00,run1_set5
10.067359,644.76843,2433.2815,475.23334,206.95818,382.9237060546875,2022-02-04 18:17:18.961946820+00:00,run1_set5
22.546638,945.79193,3692.6401,297.23154,4.6191463,50.1591796875,2022-02-04 18:58:20.557972348+00:00,run1_set5
22.603579,950.4564,3438.075,38.629684,491.05237,-255.04718017578125,2022-02-04 23:29:57.169573548+00:00,run1_set5
9.444142,548.2639,1842.412,-171.88004,-412.54477,94.03936767578125,2022-02-05 03:10:33.351051948+00:00,run1_set5
115.682045,2421.88,7465.3623,163.08641,-62.095253,-133.70172119140625,2022-02-05 05:30:57.768109780+00:00,run1_set5
89.40836,1719.7017,5452.403,65.50838,44.158844,-4.010498046875,2022-02-05 05:56:21.743925140+00:00,run1_set5
106.74515,2353.4214,6637.5854,-93.80747,-7.5675545,267.33636474609375,2022-02-05 07:20:42.701689476+00:00,run1_set5
19.442678,1079.906,3895.8806,-232.53934,-193.76053,339.0603332519531,2022-02-05 08:44:43.530080476+00:00,run1_set5
116.901436,2060.6658,6336.151,-266.1535,299.61176,-485.0623779296875,2022-02-05 14:48:29.120607084+00:00,run1_set5
61.75548,1481.5834,5239.4185,-37.136692,-249.09048,302.0752868652344,2022-02-05 15:24:49.539954792+00:00,run1_set5
84.911446,1424.6377,4542.93,278.97327,-124.23461,-174.0867919921875,2022-02-05 15:49:13.479342372+00:00,run1_set5
52.81973,1519.8613,5515.2886,426.0663,-284.1505,-228.1219482421875,2022-02-05 16:58:58.661119444+00:00,run1_set5
71.249214,1646.4088,5156.641,-91.77483,0.7712236,509.42230224609375,2022-02-05 19:45:44.774629888+00:00,run1_set5
52.286816,1569.4491,5511.6797,202.6071,401.86862,-206.4171142578125,2022-02-05 23:17:52.157388032+00:00,run1_set5
5.080329,511.5302,1760.5022,-156.79366,-244.65106,-409.0030517578125,2022-02-06 02:47:00.591375160+00:00,run1_set5
36.090977,1466.1946,4845.293,-315.8674,-118.66643,129.25439453125,2022-02-06 05:18:38.053709116+00:00,run1_set5
50.19403,1420.1406,4653.1553,174.59589,-166.09105,-467.2952880859375,2022-02-06 10:17:16.414974628+00:00,run1_set5
15.824838,769.4879,2985.0635,29.870054,-453.36502,448.0270080566406,2022-02-06 10:59:17.700971128+00:00,run1_set5
61.917274,2349.3828,7496.579,179.16481,312.70435,358.17181396484375,2022-02-06 11:04:05.017202436+00:00,run1_set5
73.89008,1472.7346,4550.436,71.562485,-275.98517,-223.67462158203125,2022-02-06 11:32:00.274451936+00:00,run1_set5
18.832022,517.8911,1974.4451,-46.867252,300.9539,381.5513916015625,2022-02-06 14:13:31.359639456+00:00,run1_set5
95.67902,2247.3872,6668.6616,252.02779,265.06516,-486.961181640625,2022-02-06 14:59:21.863106988+00:00,run1_set5
2.9588025,340.23502,1172.349,99.697754,205.57938,-218.991943359375,2022-02-06 18:46:52.519963660+00:00,run1_set5
10.159856,732.9673,2539.5112,124.90384,339.4431,452.6480407714844,2022-02-06 19:17:08.383889196+00:00,run1_set5
64.683105,1296.1522,4485.4243,-119.622444,366.94806,359.00079345703125,2022-02-06 23:04:57.399573576+00:00,run1_set5
15.03713,836.1662,2778.1753,78.07078,-320.40433,229.56716918945312,2022-02-07 00:15:44.321787696+00:00,run1_set5
108.96188,2281.9685,8317.307,27.87346,66.79848,375.927734375,2022-02-07 01:42:22.846043668+00:00,run1_set5
9.656463,512.7697,2254.4368,-407.54312,-181.94313,-320.78338623046875,2022-02-07 03:07:24.910510480+00:00,run1_set5
86.16396,1835.1312,5929.486,-164.02208,-204.60278,-42.715087890625,2022-02-07 05:35:58.665867712+00:00,run1_set5
9.852887,622.3695,2068.9592,174.586,410.35315,-393.77325439453125,2022-02-07 09:02:51.920777040+00:00,run1_set5
104.60052,2270.314,7714.3726,-473.97977,89.71547,458.5013427734375,2022-02-07 14:53:50.143396336+00:00,run1_set5
75.0156,2118.5957,5999.6743,-71.86177,162.92178,143.75045776367188,2022-02-07 16:20:51.487117948+00:00,run1_set5
113.02587,1742.4142,6080.749,-350.53027,-178.60008,-24.8359375,2022-02-07 16:42:44.646645600+00:00,run1_set5
94.771385,1944.3547,7013.279,-491.81448,-142.26851,-317.33868408203125,2022-02-07 18:00:38.640540584+00:00,run1_set5
14.062703,908.54333,3052.2305,-266.24988,-345.47607,144.4617919921875,2022-02-07 18:42:01.571578500+00:00,run1_set5
88.725105,1856.0637,6795.6367,395.16348,32.360485,-96.2462158203125,2022-02-07 20:36:25.926969004+00:00,run1_set5
38.573654,1202.7189,4339.9644,170.03934,-246.97003,388.5809631347656,2022-02-07 21:42:40.797060916+00:00,run1_set5
84.25937,2215.3198,7936.7666,-445.9713,19.331003,335.453125,2022-02-07 22:05:37.868992144+00:00,run1_set5
60.75139,1663.2501,5395.0044,57.63291,-13.721444,-301.6719970703125,2022-02-07 23:55:40.673263+00:00,run1_set5
23.639511,1207.5507,3614.8901,-393.13898,-82.31249,-53.0382080078125,2022-02-08 01:23:30.914207984+00:00,run1_set5
3.1863105,358.6225,1195.6086,-392.8454,-23.59281,-138.79327392578125,2022-02-08 08:37:11.789677388+00:00,run1_set5
4.736873,573.07886,2338.9092,203.16057,-441.86316,265.5439453125,2022-02-08 13:44:08.907916728+00:00,run1_set5
76.58015,2393.3628,6321.6396,-90.52851,-50.110138,-50.0023193359375,2022-02-08 14:10:52.904068156+00:00,run1_set5
99.705215,2049.2231,6442.194,135.75694,-301.09827,-541.6798095703125,2022-02-08 15:02:33.830756244+00:00,run1_set5
25.573404,949.1125,3311.4165,-313.50235,221.09299,230.66500854492188,2022-02-08 16:02:49.952604616+00:00,run1_set5
56.87701,1168.2703,3847.505,335.14465,274.7773,266.143310546875,2022-02-08 19:22:40.903142288+00:00,run1_set5
75.66397,1995.1039,6348.749,-158.12413,433.27597,50.6912841796875,2022-02-08 21:24:34.602876356+00:00,run1_set5
48.997818,1293.01,4462.8115,-307.58786,373.18323,-418.46917724609375,2022-02-08 21:31:50.586756308+00:00,run1_set5
42.538036,1538.001,5159.3896,-192.94354,347.0308,261.0629577636719,2022-02-09 00:03:05.410322440+00:00,run1_set5
14.953095,1153.491,3981.3875,238.79698,209.36678,-374.6729736328125,2022-02-09 01:19:25.866570084+00:00,run1_set5
76.20563,2192.6602,7332.3247,-55.066517,421.22424,302.19854736328125,2022-02-09 03:13:07.885240704+00:00,run1_set5
114.45969,2553.7727,8557.435,51.744377,-449.55225,17.12860107421875,2022-02-09 12:09:24.059704068+00:00,run1_set5
28.837069,1273.546,3559.998,201.73291,323.08768,-494.595703125,2022-02-09 15:13:49.251084824+00:00,run1_set5
16.749468,558.6632,1926.9022,-31.157873,25.141464,-105.16339111328125,2022-02-09 15:15:02.425563252+00:00,run1_set5
125.14197,3260.8384,10810.222,-19.54893,21.983526,-23.1611328125,2022-02-09 15:47:56.825966116+00:00,run1_set5
10.592801,664.0249,2168.5378,-102.80998,-368.95312,268.65264892578125,2022-02-09 16:26:41.001906720+00:00,run1_set5
97.67055,2922.4001,9191.324,385.86816,335.96738,-225.29339599609375,2022-02-09 18:28:40.512019580+00:00,run1_set5
123.65107,3690.13,10845.203,-188.3405,378.45044,-354.86700439453125,2022-02-09 19:29:01.803934464+00:00,run1_set5
51.597458,1811.7751,6149.185,-53.74657,-349.66733,-317.38348388671875,2022-02-09 20:03:05.448992684+00:00,run1_set5
17.110996,779.55786,2847.4182,101.12781,-318.44217,-252.01129150390625,2022-02-09 21:59:02.455531116+00:00,run1_set5
109.252144,2062.4656,6769.8765,-133.10008,486.47852,328.4795837402344,2022-02-09 23:11:41.421934708+00:00,run1_set5
107.94721,2231.6746,7996.6426,77.78709,-481.8743,236.1766357421875,2022-02-09 23:18:23.346190260+00:00,run1_set5
100.29822,1993.1027,6608.762,277.13654,291.2135,184.74594116210938,2022-02-10 02:15:13.202391708+00:00,run1_set5
65.7581,1750.3887,5934.064,63.689037,-377.453,91.96688842773438,2022-02-10 03:25:15.482974836+00:00,run1_set5
91.00895,1987.8751,5150.614,-222.32643,183.97699,21.48077392578125,2022-02-10 03:59:06.257227144+00:00,run1_set5
47.55591,1857.289,6351.9253,-487.62256,118.313545,181.93411254882812,2022-02-10 07:13:31.143721452+00:00,run1_set5
36.5451,1070.2358,3255.6345,118.58246,348.0847,-152.6676025390625,2022-02-10 12:43:39.650343332+00:00,run1_set5
73.153496,1853.5344,7329.415,401.9153,-291.5114,72.0040283203125,2022-02-10 13:37:56.548787556+00:00,run1_set5
25.764969,1085.923,3490.8887,77.88363,-273.54852,131.13079833984375,2022-02-10 17:49:43.763348644+00:00,run1_set5
20.338247,780.1021,2572.207,-264.69983,-315.18295,-465.295654296875,2022-02-10 21:16:03.742503708+00:00,run1_set5
21.332897,1355.3026,4617.518,-60.685448,11.729713,-239.07806396484375,2022-02-10 21:23:22.223766768+00:00,run1_set5
116.357704,2213.3853,6625.987,-83.125206,282.2893,-529.2393798828125,2022-02-10 21:58:45.877816612+00:00,run1_set5
89.987175,1932.7783,6378.6973,-85.11664,-304.46048,163.46682739257812,2022-02-10 22:08:31.687380192+00:00,run1_set5
88.29693,1726.9435,5812.681,-495.05988,-61.37237,-372.5557861328125,2022-02-10 23:47:09.799454576+00:00,run1_set5
98.01926,2603.3777,8153.219,-374.81985,-34.239483,-61.3056640625,2022-02-11 01:20:04.667474816+00:00,run1_set5
85.280945,1605.5474,5236.63,36.9275,-344.8794,-511.2818603515625,2022-02-11 05:42:37.310978852+00:00,run1_set5
126.1505,2793.2935,9687.656,377.553,-323.84268,316.0447998046875,2022-02-11 10:18:54.557386792+00:00,run1_set5
58.147617,1506.0076,6039.224,87.41271,-456.934,147.67691040039062,2022-02-11 17:02:06.945832548+00:00,run1_set5
32.27769,1169.9872,4314.208,-339.24152,-201.7794,328.82684326171875,2022-02-11 17:08:14.788332656+00:00,run1_set5
36.068832,1165.7,4753.9146,357.73654,-312.18774,456.91619873046875,2022-02-11 18:35:52.628296860+00:00,run1_set5
125.80336,2378.6719,7429.938,-304.37402,-250.32544,162.44180297851562,2022-02-11 20:44:42.670792576+00:00,run1_set5
30.138445,1214.8516,3409.848,-286.65585,65.02439,83.699462890625,2022-02-11 20:54:19.976789380+00:00,run1_set5
13.463581,899.90857,2852.837,-4.8726125,238.87479,-516.98388671875,2022-02-11 21:56:20.171754976+00:00,run1_set5
90.80002,1845.9001,6695.993,395.5393,-287.15857,-7.06878662109375,2022-02-11 22:59:18.329737+00:00,run1_set5
114.037544,1505.779,5133.4775,-217.77583,-330.3123,405.6647644042969,2022-02-12 03:35:29.793687928+00:00,run1_set5
62.378963,1666.9926,5785.0957,201.2675,-361.0318,-145.363525390625,2022-02-12 04:25:16.580966124+00:00,run1_set5
87.39562,2322.9495,7414.37,317.4465,283.30334,328.8940734863281,2022-02-12 08:46:55.995895204+00:00,run1_set5
112.514755,2690.7937,9357.949,-155.49612,-309.06674,-360.06494140625,2022-02-12 08:53:05.619287292+00:00,run1_set5
134.32094,3022.8845,8897.945,281.38425,197.00055,53.766357421875,2022-02-12 09:18:47.160875888+00:00,run1_set5
15.078376,775.4979,2479.8408,-192.74622,-143.11385,19.42510986328125,2022-02-12 12:17:27.047788972+00:00,run1_set5
109.77765,2374.5933,7357.51,69.13623,144.97166,231.89727783203125,2022-02-12 12:19:04.141007848+00:00,run1_set5
102.59217,2675.9255,9057.384,-460.44714,12.064987,444.1397399902344,2022-02-12 12:48:07.108336368+00:00,run1_set5
7.0503864,500.0266,1294.3142,-262.59567,94.97925,463.85052490234375,2022-02-12 15:51:14.599785788+00:00,run1_set5
33.421394,2075.156,7542.2134,476.00333,-146.7848,14.19354248046875,2022-02-12 23:55:32.355594324+00:00,run1_set5
27.089441,656.9111,2381.0422,-137.3225,-155.53137,363.12890625,2022-02-13 04:03:13.285395108+00:00,run1_set5
74.41711,1785.648,5947.4,312.3659,-34.6581,-439.7987060546875,2022-02-14 08:25:53.477976296+00:00,run1_set5
120.32572,2336.1062,7657.5903,-309.74597,-234.67448,49.29095458984375,2022-02-14 13:11:25.480321572+00:00,run1_set5
105.494316,2179.404,8635.08,56.526455,-507.69128,349.349853515625,2022-02-14 14:15:58.301965408+00:00,run1_set5
24.26369,764.9114,2786.9783,107.77625,-91.68101,-305.8056640625,2022-02-14 18:57:34.188171708+00:00,run1_set5
52.94752,1576.5365,5119.528,105.19619,409.20065,-53.99041748046875,2022-02-14 19:28:19.745591092+00:00,run1_set5
103.06928,2678.724,8496.221,-101.3059,-429.94397,-535.1263427734375,2022-02-14 23:48:50.789351580+00:00,run1_set5
32.581966,1495.834,5421.0625,47.906483,493.3001,-337.68798828125,2022-02-15 00:41:01.688402684+00:00,run1_set5
46.07454,1244.1295,4589.0815,75.488976,-489.84723,-65.9490966796875,2022-02-15 02:38:22.361709888+00:00,run1_set5
70.53041,1700.8333,5435.819,-157.09593,-186.04074,-112.433837890625,2022-02-15 03:08:56.704871112+00:00,run1_set5
42.52633,1117.1912,4318.057,-464.73172,129.59544,477.14788818359375,2022-02-15 03:18:56.637687888+00:00,run1_set5
4.429169,452.893,1736.1014,243.49037,100.14662,214.71826171875,2022-02-15 04:03:25.302696460+00:00,run1_set5
50.205173,1134.164,3881.8872,-85.507484,-319.38095,381.68585205078125,2022-02-15 05:47:17.130981004+00:00,run1_set5
133.61067,2685.8003,8278.882,61.519497,247.03606,467.8946533203125,2022-02-15 13:14:48.374897100+00:00,run1_set5
25.77135,950.1724,3379.7014,-260.99442,-39.508045,270.338623046875,2022-02-15 15:20:22.998337328+00:00,run1_set5
23.285273,1087.9491,4057.5186,-0.49156728,466.38272,119.89471435546875,2022-02-15 17:12:56.254761744+00:00,run1_set5
124.789986,2398.179,7306.7256,-199.57202,313.08215,-22.5394287109375,2022-02-15 18:23:06.816423468+00:00,run1_set5
62.079422,1297.1693,4893.286,92.542,-477.80252,180.42181396484375,2022-02-16 00:06:01.685361976+00:00,run1_set5
41.023376,1894.7977,6000.966,-491.34882,-11.352091,-400.6572265625,2022-02-16 04:49:47.620841120+00:00,run1_set5
93.46419,2232.9207,7250.3022,-224.17299,-119.41878,72.81622314453125,2022-02-16 09:15:50.440701352+00:00,run1_set5
39.657642,1757.7303,4773.853,387.95596,146.84009,-11.34814453125,2022-02-16 15:48:05.880508988+00:00,run1_set5
69.02349,1680.3865,5594.547,333.4145,-215.93768,-416.206298828125,2022-02-16 17:34:55.524379052+00:00,run1_set5
81.85408,1842.0728,5850.783,-357.79398,345.20663,-249.46270751953125,2022-02-16 19:14:53.920406688+00:00,run1_set5
25.08695,974.7767,3524.4014,-255.54523,-263.27963,-449.3095703125,2022-02-16 20:28:16.580368412+00:00,run1_set5
13.598946,1050.8379,3626.6106,64.538345,470.64566,-343.22760009765625,2022-02-16 21:14:40.313843920+00:00,run1_set5
68.876396,2013.7606,5920.527,-375.9631,87.6052,83.89547729492188,2022-02-16 21:37:45.640718364+00:00,run1_set5
105.22816,2222.274,7586.837,216.95561,-301.05704,-221.2772216796875,2022-02-16 23:16:51.453685748+00:00,run1_set5
116.07231,2847.8616,9665.384,171.57062,-434.8409,481.65130615234375,2022-02-17 02:04:00.991439144+00:00,run1_set5
15.298537,752.9508,2501.5613,38.354095,45.055424,-1.00823974609375,2022-02-17 06:52:06.940896052+00:00,run1_set5
49.01208,814.823,2921.1692,-3.8059359,414.40564,-494.814208984375,2022-02-17 13:32:00.214733296+00:00,run1_set5
107.508156,1815.7477,7109.5054,-24.956858,-473.1708,407.5971984863281,2022-02-19 10:53:08.553974176+00:00,run1_set6
17.323088,918.6002,3323.0996,-480.47742,-163.9082,-313.1993408203125,2022-02-19 14:37:57.265451540+00:00,run1_set6
99.798134,2277.6182,6769.3403,-20.031948,69.36296,-17.13421630859375,2022-02-19 15:00:58.549325964+00:00,run1_set6
41.72616,1043.0343,3787.8267,-219.98448,-182.66028,167.13003540039062,2022-02-19 19:13:21.903658028+00:00,run1_set6
7.2899303,456.58203,1712.137,140.59984,-421.37875,-536.64990234375,2022-02-20 04:07:05.764069216+00:00,run1_set6
34.206806,928.14484,3525.054,119.91151,-435.33203,-241.5369873046875,2022-02-20 09:55:53.955922124+00:00,run1_set6
20.56884,803.774,2556.696,192.28543,287.8298,-427.02789306640625,2022-02-20 11:36:23.609024728+00:00,run1_set6
3.0906823,289.4182,1070.7885,-228.24715,173.02693,378.571533203125,2022-02-20 13:01:26.527629776+00:00,run1_set6
31.270948,1002.3925,3926.9983,230.02449,-384.76865,447.6853332519531,2022-02-20 14:42:07.035094492+00:00,run1_set6
68.93723,2329.123,7307.2837,307.71585,-178.13686,-61.0535888671875,2022-02-20 15:46:59.972408088+00:00,run1_set6
19.135384,771.3649,2750.004,-202.54169,-201.9177,-439.3897705078125,2022-02-20 18:46:22.998403904+00:00,run1_set6
120.25678,2327.6777,7860.8516,-140.98087,-198.71764,-402.39361572265625,2022-02-21 06:04:45.973037936+00:00,run1_set6
9.110829,774.9683,2556.9988,-112.85918,-343.24994,505.8598937988281,2022-02-21 06:57:44.622629752+00:00,run1_set6
48.638905,1493.9651,5152.13,57.04738,-334.97415,196.50860595703125,2022-02-21 14:08:45.284844760+00:00,run1_set6
31.71629,1094.5725,3369.1787,54.16252,56.960037,17.72235107421875,2022-02-21 14:54:22.623669136+00:00,run1_set6
110.391594,2822.1372,9278.502,231.0476,-342.35803,-117.525390625,2022-02-21 20:57:57.229245176+00:00,run1_set6
13.970809,783.92456,2482.8674,-180.57202,-39.02148,-110.84869384765625,2022-02-21 21:06:17.277591556+00:00,run1_set6
118.25257,2970.422,8657.244,-259.14996,-382.9159,-425.21868896484375,2022-02-21 22:32:08.500734888+00:00,run1_set6
120.66767,2698.0781,6923.594,-379.73816,51.968563,-553.055908203125,2022-02-22 00:53:58.959590588+00:00,run1_set6
11.041325,586.21265,1970.5684,-77.96469,9.782566,-344.5662841796875,2022-02-22 01:02:03.957157756+00:00,run1_set6
29.540169,1604.7966,5155.8726,-420.62323,16.293604,-239.15087890625,2022-02-22 03:03:57.388882760+00:00,run1_set6
133.0301,3014.0645,9618.787,139.09203,27.421787,134.64279174804688,2022-02-22 06:12:19.392163556+00:00,run1_set6
79.27278,1988.6735,4744.782,-216.92088,209.91512,-351.2486572265625,2022-02-22 06:53:50.063891956+00:00,run1_set6
74.54993,1529.1613,5691.4263,-334.88745,-390.44852,338.2481689453125,2022-02-22 08:15:15.803740824+00:00,run1_set6
120.39325,2575.3035,7503.683,387.08908,249.81859,-480.945556640625,2022-02-22 17:41:27.704109872+00:00,run1_set6
2.7972238,460.46997,1283.3884,107.44024,-54.216003,-441.899169921875,2022-02-22 18:43:25.553540224+00:00,run1_set6
55.693523,1508.5989,5047.7085,-147.37527,-443.44278,-410.22412109375,2022-02-23 00:17:07.872132184+00:00,run1_set6
32.728733,1254.6824,3748.8806,-368.865,-39.35713,-55.833251953125,2022-02-23 01:51:17.741931108+00:00,run1_set6
21.202255,934.66754,3379.973,-249.96106,-71.14822,47.134521484375,2022-02-23 07:45:35.802449452+00:00,run1_set6
21.987534,1009.19507,3879.7917,339.42114,63.552826,51.06097412109375,2022-02-23 08:54:58.670620344+00:00,run1_set6
24.845047,1137.0494,3584.6785,30.285223,282.7555,-392.832275390625,2022-02-23 10:22:46.887718784+00:00,run1_set6
106.864075,2171.1309,6947.261,-171.62991,337.5982,-405.7879638671875,2022-02-23 13:33:03.589022424+00:00,run1_set6
129.91525,2668.0603,8586.028,-353.72934,258.77914,-46.3447265625,2022-02-23 15:31:41.124953664+00:00,run1_set6
49.544415,1923.4089,5935.894,-311.32523,321.19327,209.46426391601562,2022-02-23 15:35:17.916570724+00:00,run1_set6
48.41668,1281.4862,4105.361,-31.977854,-32.79001,249.13229370117188,2022-02-23 17:16:04.349016355+00:00,run1_set6
115.12088,1846.5616,6860.5767,395.73288,-336.6249,-269.1959228515625,2022-02-23 19:10:07.885778124+00:00,run1_set6
79.3249,2578.6995,8463.326,376.38483,-135.03499,-236.781494140625,2022-02-23 22:20:53.807370956+00:00,run1_set6
122.47343,2106.7695,6952.557,13.731252,410.33536,25.4688720703125,2022-02-24 00:57:45.148022900+00:00,run1_set6
98.56781,1657.6445,5544.8066,220.5467,73.29053,-106.0260009765625,2022-02-24 06:10:43.301545476+00:00,run1_set6
49.94367,1612.3735,5636.9175,220.40138,-448.40234,-320.30731201171875,2022-02-24 07:45:54.563874332+00:00,run1_set6
2.59635,682.2305,2407.5063,-337.21323,98.236595,263.0290222167969,2022-02-24 12:15:25.313448240+00:00,run1_set6
93.230515,1620.0748,4811.714,-26.656822,112.97245,-172.350341796875,2022-02-24 22:45:38.799729368+00:00,run1_set6
44.48089,1295.8235,3544.7822,-87.85895,108.857506,160.61578369140625,2022-02-24 22:56:27.976649728+00:00,run1_set6
67.55813,2010.9249,5503.3716,-351.89972,161.19318,-102.68768310546875,2022-02-25 05:00:26.048769156+00:00,run1_set6
102.0105,2081.6316,6919.1255,79.72181,379.4544,251.80410766601562,2022-02-25 05:52:00.903984560+00:00,run1_set6
84.36485,2337.876,7553.3457,-389.32764,324.42792,-159.34429931640625,2022-02-25 06:28:11.180922388+00:00,run1_set6
125.064354,2216.557,7715.689,322.41232,-190.39177,492.9658203125,2022-02-25 10:45:42.649177100+00:00,run1_set6
68.16158,1774.9576,6290.4717,-477.06546,106.311264,321.6180419921875,2022-02-25 15:17:27.856634580+00:00,run1_set6
22.737404,807.947,2811.1511,439.7127,224.70316,235.03955078125,2022-02-25 15:49:45.857509980+00:00,run1_set6
47.034042,1197.939,3910.2715,257.55167,-177.94188,274.8588562011719,2022-02-25 17:29:34.518458248+00:00,run1_set6
103.44129,3482.5852,11362.215,-284.73706,382.37177,-269.75042724609375,2022-02-25 18:58:57.108348216+00:00,run1_set6
11.259384,940.8617,2999.9744,-330.20383,305.8557,-275.27325439453125,2022-02-25 20:30:38.946165720+00:00,run1_set6
73.21375,1537.8706,5174.1987,44.304497,-337.58063,309.3625183105469,2022-02-25 20:51:21.031275680+00:00,run1_set6
47.362328,1565.8229,4982.52,156.59021,360.74286,-94.9747314453125,2022-02-25 22:00:44.762887308+00:00,run1_set6
131.12514,2400.324,8046.1685,6.424421,-218.95284,377.91058349609375,2022-02-26 03:14:05.842011944+00:00,run1_set6
3.204496,346.9738,1159.7975,217.63034,-83.42621,160.95745849609375,2022-02-26 12:22:13.476909340+00:00,run1_set6
126.71172,2540.4,7999.5835,107.4981,-307.82162,28.42071533203125,2022-02-26 12:39:04.189483500+00:00,run1_set6
5.7007446,369.95676,1260.3446,-91.588036,-489.76782,-473.103759765625,2022-02-26 16:16:53.002718912+00:00,run1_set6
38.404915,1560.1619,5529.1904,-128.8825,329.86597,442.44818115234375,2022-02-26 16:39:15.345198664+00:00,run1_set6
26.674765,1036.9929,3650.5107,122.373245,-378.6211,195.58438110351562,2022-02-26 19:34:41.370172156+00:00,run1_set6
55.998493,1570.936,5666.187,-149.79364,-145.38608,295.7178955078125,2022-02-26 20:43:06.457622488+00:00,run1_set6
100.84534,2542.8901,8286.226,-242.55923,-62.79653,-548.4237060546875,2022-02-26 22:35:49.745600196+00:00,run1_set6
104.31462,2201.6946,6985.1777,279.87848,-242.17659,-279.71502685546875,2022-02-27 02:33:21.669122948+00:00,run1_set6
108.30984,2779.9434,8991.269,224.7919,-208.80156,107.72317504882812,2022-02-27 09:18:35.416529764+00:00,run1_set6
14.397376,779.241,3124.331,351.4581,-201.24675,504.4483642578125,2022-02-27 17:20:31.495026528+00:00,run1_set6
64.718025,2411.4412,7255.276,-65.825584,-1.0088868,419.02935791015625,2022-02-27 19:31:55.250504920+00:00,run1_set6
55.561363,1587.5272,5507.1455,-138.77519,-194.36475,-121.40142822265625,2022-02-27 22:29:36.569613180+00:00,run1_set6
110.09568,1876.7633,6342.8887,47.599827,-337.39307,402.80255126953125,2022-02-28 04:05:50.771436424+00:00,run1_set6
4.9096437,607.44116,2257.4304,353.2939,48.8503,378.1402587890625,2022-02-28 04:11:20.996888572+00:00,run1_set6
128.47789,3571.766,10784.565,-284.79645,198.1392,-515.7908935546875,2022-02-28 05:09:58.945351024+00:00,run1_set6
102.11818,2446.501,6727.458,-360.6544,121.19123,-190.95770263671875,2022-02-28 06:37:33.868457876+00:00,run1_set6
97.98777,1770.9229,6164.027,230.50946,382.7947,-227.2593994140625,2022-02-28 08:00:40.966756008+00:00,run1_set6
124.130585,2363.164,7331.668,105.268654,357.41867,-78.08697509765625,2022-02-28 11:36:50.523169708+00:00,run1_set6
113.508896,2778.2534,8611.525,-11.387694,322.8945,-87.603515625,2022-02-28 13:10:06.746927288+00:00,run1_set6
30.343878,1081.5248,3399.528,-292.33786,273.93765,-68.45843505859375,2022-02-28 20:45:55.366803076+00:00,run1_set6
18.68553,856.62866,2884.3943,-205.581,-321.81897,-50.28240966796875,2022-02-28 21:52:10.481015348+00:00,run1_set6
79.07273,2188.0593,8422.672,-113.871155,-493.6303,467.7546081542969,2022-02-28 22:08:36.250652228+00:00,run1_set6
7.1176753,561.49854,2035.8934,-71.01908,-242.60583,-366.1590576171875,2022-02-28 22:45:23.294287520+00:00,run1_set6
39.665287,1447.2047,5099.769,283.72537,268.66257,44.686767578125,2022-02-28 23:05:12.671391380+00:00,run1_set6
120.43853,2197.665,7350.6826,64.39503,397.5356,-21.2679443359375,2022-03-01 00:01:49.595326816+00:00,run1_set6
112.73585,2049.5576,6836.8003,210.43634,-73.71281,39.43841552734375,2022-03-01 05:06:44.884653760+00:00,run1_set6
17.237343,960.27966,3432.8972,-367.2034,-6.2483706,501.88861083984375,2022-03-01 12:03:23.709338856+00:00,run1_set6
16.402874,1174.0369,3406.6843,6.022892,0.13346511,-140.0255126953125,2022-03-01 13:32:58.927473288+00:00,run1_set6
9.726146,741.42316,2407.7788,85.81052,-386.42645,-71.6175537109375,2022-03-01 22:29:27.225991404+00:00,run1_set6
73.80694,1711.2299,6152.4365,-492.08463,-16.635933,279.037353515625,2022-03-01 23:04:31.282114144+00:00,run1_set6
120.60899,2133.9822,6995.1963,-320.06494,-305.45584,-140.54083251953125,2022-03-02 03:41:21.809143260+00:00,run1_set6
127.54304,2747.5012,8683.058,-324.85037,-341.21127,-140.0255126953125,2022-03-02 08:45:29.493490056+00:00,run1_set6
48.5986,1678.4677,5537.2837,-59.575905,348.13617,-13.6390380859375,2022-03-03 02:38:56.226826456+00:00,run1_set6
129.08025,2349.1013,7795.0576,-436.6614,153.79927,216.86349487304688,2022-03-03 03:36:33.210592056+00:00,run1_set6
33.98026,1368.8267,4314.1187,34.047028,310.40155,-6.060546875,2022-03-03 06:07:36.938095004+00:00,run1_set6
33.33435,1820.6454,6253.1484,172.77832,-388.3909,241.03848266601562,2022-03-03 06:43:42.952971728+00:00,run1_set6
38.23741,888.22217,3157.185,-176.15627,-87.717606,-202.557861328125,2022-03-03 08:46:29.607595092+00:00,run1_set6
17.612852,714.83655,2723.4773,-356.5464,-364.13702,395.6273193359375,2022-03-03 12:29:54.297878096+00:00,run1_set6
3.2529833,495.00674,1707.5167,-192.79486,225.70488,380.9744873046875,2022-03-03 13:22:57.810653644+00:00,run1_set6
39.290348,1143.7672,4574.001,408.5756,-220.72998,379.64697265625,2022-03-03 16:08:43.576373472+00:00,run1_set6
77.91702,1677.2339,5377.3374,193.31807,-18.231508,80.0362548828125,2022-03-03 17:02:12.124772204+00:00,run1_set6
99.05248,2033.6162,6903.487,7.0636363,68.13625,232.35653686523438,2022-03-03 17:10:52.431757692+00:00,run1_set6
96.360855,2189.5906,7023.6465,-179.51521,411.65668,-349.62420654296875,2022-03-04 02:39:56.418102688+00:00,run1_set6
35.61394,1591.6581,3759.2944,-341.9425,102.61959,-290.45819091796875,2022-03-04 03:11:12.365586012+00:00,run1_set6
68.87867,1966.3932,7193.6606,364.44675,-31.194277,91.72604370117188,2022-03-04 09:29:45.597892176+00:00,run1_set6
43.824123,1181.6129,4274.5537,-93.60849,-409.8121,297.3758544921875,2022-03-04 10:27:07.928472916+00:00,run1_set6
16.523502,579.66504,1870.2738,-133.25291,485.52258,-461.8900146484375,2022-03-04 18:00:48.333031196+00:00,run1_set6
3.930237,482.54788,1588.9106,326.1244,298.48077,272.8199768066406,2022-03-04 20:14:01.075900104+00:00,run1_set6
9.601805,575.4823,1969.8531,-428.33582,80.630844,-17.52630615234375,2022-03-04 20:17:29.947893624+00:00,run1_set6
108.62553,2644.224,7875.9565,206.23836,375.19678,-188.34747314453125,2022-03-04 23:27:16.699599172+00:00,run1_set6
84.25321,2051.5798,7481.8667,-506.427,-78.40143,429.19000244140625,2022-03-05 01:13:56.847730236+00:00,run1_set6
54.832935,1505.5093,4953.119,-53.766193,-411.87906,-92.0396728515625,2022-03-05 12:26:10.845179300+00:00,run1_set6
76.10744,2178.4668,7242.5913,-48.83067,459.663,-424.32244873046875,2022-03-05 12:34:31.440051496+00:00,run1_set6
13.159905,932.63196,3290.4543,316.51138,-28.312035,220.82919311523438,2022-03-05 14:25:14.358463492+00:00,run1_set6
77.07143,1646.0444,5349.8223,-218.35988,321.3903,69.00738525390625,2022-03-05 21:53:29.145173252+00:00,run1_set6
68.074135,1821.7285,5316.8223,-54.225986,-99.76222,-212.37127685546875,2022-03-05 22:14:35.436947988+00:00,run1_set6
87.08069,1896.079,5446.8335,-157.15477,-19.677616,89.27828979492188,2022-03-06 02:15:45.028610448+00:00,run1_set6
28.921644,617.2554,2156.1213,52.39021,-297.92984,409.60247802734375,2022-03-06 05:45:20.443216324+00:00,run1_set6
58.987206,1602.8557,4533.0044,-43.945877,203.7913,-172.32794189453125,2022-03-06 06:16:13.448168060+00:00,run1_set6
98.38888,1875.742,5754.1787,22.263414,216.29688,-81.0948486328125,2022-03-06 15:43:02.417234404+00:00,run1_set6
83.1026,2638.3975,8168.8325,305.12537,-196.76556,-201.30877685546875,2022-03-06 16:33:21.842132196+00:00,run1_set6
104.57013,1985.9972,6500.533,101.969444,-356.33536,314.9693603515625,2022-03-06 16:41:01.414778976+00:00,run1_set6
127.76782,2858.297,9834.622,-239.48763,-207.95277,395.80657958984375,2022-03-06 17:20:51.960478872+00:00,run1_set6
98.3238,2139.9607,6429.4946,-48.74445,248.20709,-253.66363525390625,2022-03-06 18:33:13.119405308+00:00,run1_set6
91.07695,2912.4531,8703.556,195.39032,56.07313,-472.1907958984375,2022-03-06 18:42:56.914294800+00:00,run1_set6
6.5740137,517.8509,2160.6887,478.0476,20.89281,-242.15875244140625,2022-03-06 23:12:18.166261160+00:00,run1_set6
103.739746,1869.5724,5779.1924,-28.723845,-57.057095,-286.6829833984375,2022-03-06 23:23:29.470555140+00:00,run1_set6
38.433342,1267.6285,4360.847,213.19014,-276.95163,-336.04681396484375,2022-03-07 01:52:52.462008680+00:00,run1_set6
25.800533,880.2109,3303.013,-176.76108,-247.63892,-500.2474365234375,2022-03-07 04:38:42.870865160+00:00,run1_set6
102.79211,2555.702,9240.1875,451.97266,-197.91818,231.45477294921875,2022-03-07 05:42:52.345499492+00:00,run1_set6
129.59474,2445.4749,7789.8,-165.32532,-124.57847,-361.85736083984375,2022-03-07 13:40:08.087029768+00:00,run1_set6
51.2301,1857.3688,5508.3535,-42.418484,-51.119644,86.83056640625,2022-03-07 14:30:03.434462844+00:00,run1_set6
32.311684,1165.1655,3722.7158,28.875105,313.64075,-99.623779296875,2022-03-07 17:26:01.240732072+00:00,run1_set6
114.295555,2566.7747,8636.121,121.82564,-331.0071,461.3243713378906,2022-03-07 18:16:12.107609284+00:00,run1_set6
113.58308,1752.9924,5894.38,129.71721,-168.45758,501.8326110839844,2022-03-08 02:18:17.281019556+00:00,run1_set6
131.28526,2459.1812,7549.195,-49.764103,-172.36867,-401.76629638671875,2022-03-08 07:58:27.771287300+00:00,run1_set6
29.111616,1043.8556,2650.1433,-207.84735,260.42355,-233.560791015625,2022-03-08 08:02:19.041694592+00:00,run1_set6
121.37282,1686.6947,5871.786,53.971905,172.41364,325.2476501464844,2022-03-08 10:49:49.020283264+00:00,run1_set6
82.47028,2311.8374,7340.7144,-32.77542,-188.15843,21.09429931640625,2022-03-08 12:35:50.283907088+00:00,run1_set6
80.71289,2374.9907,8363.403,145.12569,477.9393,-348.9801025390625,2022-03-08 12:57:18.097477040+00:00,run1_set6
82.025314,1774.0532,5832.985,-93.61641,298.16788,-465.0604248046875,2022-03-08 14:08:37.264435788+00:00,run1_set6
114.04589,2545.321,6819.238,-363.88605,218.30495,-207.63262939453125,2022-03-09 12:57:16.497293640+00:00,run1_set6
49.766594,1583.0764,5203.305,-201.61815,367.39447,-447.2540283203125,2022-03-09 16:15:33.780855992+00:00,run1_set6
107.72756,2588.6775,7473.383,-348.54498,176.52522,-225.9598388671875,2022-03-09 17:56:48.057778316+00:00,run1_set6
126.189545,2366.9614,7649.078,-14.820465,-412.26868,185.21649169921875,2022-03-09 18:45:12.461338384+00:00,run1_set6
76.396324,2122.6829,7229.6597,-49.92475,471.81345,148.84756469726562,2022-03-09 22:06:29.124750476+00:00,run1_set6
16.01781,553.9441,1817.76,-14.1169405,25.91153,-12.4515380859375,2022-03-10 02:15:01.650008192+00:00,run1_set6
25.89265,758.1519,2938.2195,296.24503,-155.38782,457.767578125,2022-03-10 03:15:07.972717156+00:00,run1_set6
7.089655,473.7043,1620.9923,88.871635,303.26382,137.48822021484375,2022-03-10 09:16:29.178217+00:00,run1_set6
125.015396,2610.8845,8573.936,73.33389,-353.78583,-239.80615234375,2022-03-10 11:13:44.367019716+00:00,run1_set6
79.23415,2059.1604,6964.4077,153.66823,-445.12045,173.0169677734375,2022-03-10 13:33:40.364128556+00:00,run1_set6
56.07511,1544.8975,5884.8335,-12.248394,-89.31946,484.0374450683594,2022-03-10 15:41:32.380376404+00:00,run1_set6
75.038795,1726.6632,5623.7207,50.099064,-73.14039,-82.321533203125,2022-03-10 16:16:14.753520036+00:00,run1_set6
115.736626,2200.241,7445.5747,263.55768,30.642452,-361.638916015625,2022-03-10 16:40:46.054737620+00:00,run1_set6
92.70339,2425.165,7926.6284,-26.925331,446.51746,-36.35772705078125,2022-03-10 19:11:52.880060028+00:00,run1_set6
21.338568,762.05676,2617.8545,151.79097,150.24118,238.13705444335938,2022-03-10 21:19:51.289327996+00:00,run1_set6
85.03263,2135.4658,5628.5947,-246.72714,218.54253,148.70751953125,2022-03-10 23:12:03.719166900+00:00,run1_set6
5.008617,384.1466,1580.7422,-115.311264,-288.79196,-337.1614990234375,2022-03-10 23:40:04.259578552+00:00,run1_set6
27.45575,927.9941,3503.829,341.1153,0.017067052,21.63201904296875,2022-03-11 00:25:07.710826116+00:00,run1_set6
25.720917,1097.2242,3734.1377,-146.19872,-347.01422,20.836669921875,2022-03-11 04:36:38.410387984+00:00,run1_set6
84.52172,1912.496,6059.4473,73.07068,-184.81137,-260.4747314453125,2022-03-11 08:02:01.100395736+00:00,run1_set6
116.417,2945.8428,9483.839,66.7955,-178.86234,-434.5167236328125,2022-03-11 15:37:15.553952624+00:00,run1_set6
50.321323,1723.7343,5062.8784,-299.94806,-6.2637086,-524.035888671875,2022-03-11 15:49:16.136102916+00:00,run1_set6
114.88126,2510.5105,8342.805,298.58887,-112.97346,-128.548583984375,2022-03-11 22:55:03.032798740+00:00,run1_set6
31.49774,1199.905,4109.192,-298.97437,-273.39948,-310.28668212890625,2022-03-11 23:51:56.702578120+00:00,run1_set6
20.303732,787.41895,2914.285,252.41414,-375.2457,-328.793212890625,2022-03-12 02:55:23.380344044+00:00,run1_set6
6.560486,532.49884,1813.844,-337.8021,-140.79776,310.8300476074219,2022-03-12 03:27:34.531230744+00:00,run1_set6
52.10897,1503.8789,4890.3047,-284.76453,293.85147,72.8106689453125,2022-03-12 05:59:35.947837760+00:00,run1_set6
95.62331,2393.2302,8950.808,-30.890871,40.058193,371.23388671875,2022-03-12 06:47:03.840399880+00:00,run1_set6
6.01092,571.6737,2120.7131,-325.41232,-92.9774,36.665771484375,2022-03-12 09:57:25.671106716+00:00,run1_set6
66.84601,1389.5931,4722.99,128.54726,-355.43542,-401.74945068359375,2022-03-12 10:43:19.470689824+00:00,run1_set6
41.07322,975.6758,3362.653,-492.413,-15.993272,-406.57769775390625,2022-03-12 13:56:04.794957116+00:00,run1_set6
14.328842,528.90674,2072.3555,463.32007,-147.88918,-245.26177978515625,2022-03-12 14:22:06.879386516+00:00,run1_set6
34.749023,1264.1798,4218.0854,-317.20563,205.26399,340.71270751953125,2022-03-12 15:09:00.005511672+00:00,run1_set6
77.817474,1883.5583,5971.9478,-344.68576,-68.75032,84.84768676757812,2022-03-12 15:09:30.507971404+00:00,run1_set6
62.377956,1382.9493,4876.911,-364.2338,-249.61009,243.46383666992188,2022-03-12 16:02:36.457415772+00:00,run1_set6
20.099342,749.0815,2305.2432,-233.29964,8.317381,-96.010986328125,2022-03-12 16:20:00.321509171+00:00,run1_set6
134.5603,2397.403,8553.25,460.8324,33.53358,-290.0157470703125,2022-03-12 16:46:56.391937248+00:00,run1_set6
87.198135,1720.1802,6312.9707,138.46242,-382.74298,411.6805114746094,2022-03-12 22:15:11.801321632+00:00,run1_set6
81.92071,1522.1173,5357.254,-401.1056,-213.06523,-95.6636962890625,2022-03-12 22:28:54.019039672+00:00,run1_set6
13.693789,710.13245,2560.9326,-192.47728,455.28452,-15.8907470703125,2022-03-13 03:29:06.203844272+00:00,run1_set6
133.86234,2928.0522,9861.449,203.41878,-374.70468,12.1771240234375,2022-03-13 05:28:09.071431960+00:00,run1_set6
5.432022,220.31863,988.4554,224.10779,422.4864,476.346923828125,2022-03-13 08:25:21.391084368+00:00,run1_set6
3.2551823,361.50162,1198.7739,248.20515,193.78229,-224.41387939453125,2022-03-13 08:45:20.144630172+00:00,run1_set6
34.434883,873.764,3030.507,-172.66853,443.8899,110.71987915039062,2022-03-13 18:29:20.207790520+00:00,run1_set6
58.661823,2028.4294,6458.32,-441.26175,-135.06288,218.79592895507812,2022-03-13 18:34:49.612345776+00:00,run1_set6
45.068474,1461.5256,5539.762,455.84882,8.503194,182.06857299804688,2022-03-13 20:22:45.483358788+00:00,run1_set6
129.79659,2719.9106,9006.529,-107.708244,-272.8712,-131.7861328125,2022-03-14 03:10:33.810787364+00:00,run1_set6
42.508034,1071.3657,3750.3533,92.9484,348.6987,444.369384765625,2022-03-14 10:30:08.750942476+00:00,run1_set6
129.39854,1742.8259,6525.1323,-489.51254,-100.47891,380.62158203125,2022-03-14 11:37:14.994782248+00:00,run1_set6
80.95488,2260.893,6749.3906,-106.01465,305.22427,-253.97174072265625,2022-03-14 12:20:11.015854700+00:00,run1_set6
104.56935,2220.909,7447.7344,238.12094,-16.841349,309.08807373046875,2022-03-14 14:50:23.621092656+00:00,run1_set6
50.128635,1388.7465,4515.4243,-365.4524,-64.80082,95.45648193359375,2022-03-14 15:12:47.364983048+00:00,run1_set6
10.217147,556.08936,1898.8582,-179.42206,-341.4276,-189.64141845703125,2022-03-14 20:35:05.919279356+00:00,run1_set6
46.919926,1258.8425,4405.3896,-136.20695,451.51077,-214.39892578125,2022-03-15 00:29:42.783811916+00:00,run1_set6
33.145325,1129.5435,4045.1665,-227.96169,362.29184,-9.51092529296875,2022-03-15 01:58:02.875036976+00:00,run1_set6
38.412167,912.68933,2998.9695,-29.835676,278.93472,187.38412475585938,2022-03-15 02:32:44.775608080+00:00,run1_set6
52.841713,1689.3607,5703.215,283.872,328.56497,-207.61578369140625,2022-03-15 03:17:42.404724068+00:00,run1_set6
90.49748,2329.492,6915.3687,321.9477,-222.49164,-519.2244873046875,2022-03-15 03:57:45.768795684+00:00,run1_set6
10.8062525,576.39435,2107.9695,-481.8136,51.221813,-418.64837646484375,2022-03-15 04:15:45.220714192+00:00,run1_set6
36.093155,969.26544,2356.686,-199.42896,243.19386,-8.77716064453125,2022-03-15 05:30:23.652762412+00:00,run1_set6
9.774723,475.72055,1612.0942,-189.60092,-62.95761,-355.7239990234375,2022-03-15 12:33:04.035089904+00:00,run1_set6
14.798265,515.1185,1994.439,-203.68044,-165.82076,496.56182861328125,2022-03-15 14:16:02.813036288+00:00,run1_set6
13.923598,419.91293,1540.3251,127.139656,-153.92476,378.8235778808594,2022-03-15 15:15:45.989421988+00:00,run1_set6
97.03953,1939.3486,6652.3066,-123.08777,438.25153,-210.102783203125,2022-03-15 18:33:24.679284260+00:00,run1_set6
23.400988,941.4647,3272.452,-477.47836,-8.511273,-431.9512939453125,2022-03-15 19:08:02.286670712+00:00,run1_set6
17.51784,984.1263,2656.287,404.53168,139.69928,-19.81719970703125,2022-03-15 21:27:46.392833916+00:00,run1_set6
68.56933,2134.3582,6729.432,0.040507656,-257.7807,-135.4493408203125,2022-03-15 22:15:11.688428832+00:00,run1_set6
48.1899,1188.4626,4149.657,-330.19476,-235.31425,350.15081787109375,2022-03-16 03:27:39.496252876+00:00,run1_set6
128.99887,2566.8816,8294.994,34.47506,-424.96622,212.763427734375,2022-03-16 03:28:34.073100292+00:00,run1_set6
25.561352,1001.1485,3212.1104,46.56188,-52.778152,-12.18829345703125,2022-03-16 03:46:29.184533160+00:00,run1_set6
130.52757,2430.4548,8159.7124,-468.74908,-93.72405,305.0327453613281,2022-03-16 05:58:34.705190092+00:00,run1_set6
95.758995,2372.2285,7852.142,-179.45963,-173.8979,450.20587158203125,2022-03-16 08:46:27.698271796+00:00,run1_set6
47.00177,1641.8585,5627.6646,128.71593,-23.200748,107.9024658203125,2022-03-16 09:17:01.895714452+00:00,run1_set6
71.80983,1822.0411,5967.43,-217.5594,-138.26726,-545.06298828125,2022-03-16 09:36:28.330962528+00:00,run1_set6
79.59413,1344.4567,4075.7273,-260.93988,13.85984,508.5765075683594,2022-03-16 10:38:06.477638064+00:00,run1_set6
10.891837,718.5035,3047.8237,-0.43770584,-477.6217,471.97796630859375,2022-03-16 11:21:03.616168496+00:00,run1_set6
34.225445,1078.3599,4281.274,450.6159,-11.130754,195.34912109375,2022-03-16 14:15:22.782214832+00:00,run1_set6
7.0279665,634.2173,2099.6162,430.32553,-89.56169,-11.1016845703125,2022-03-16 14:41:45.665335876+00:00,run1_set6
60.443665,1386.2346,4465.463,-471.7026,52.913612,-300.03076171875,2022-03-16 20:02:05.383037668+00:00,run1_set6
31.832628,1148.1783,4180.8394,290.26855,-143.222,-462.35498046875,2022-03-16 22:02:12.738057632+00:00,run1_set6
23.045498,986.5065,3728.9478,175.40892,-328.97766,289.4949035644531,2022-03-17 01:22:09.520189896+00:00,run1_set6
118.11607,2653.8613,7210.341,-268.6182,73.392685,373.1159362792969,2022-03-17 01:54:55.042931428+00:00,run1_set6
88.34781,2203.3333,7181.99,258.6694,243.89214,374.09613037109375,2022-03-17 02:50:36.302126260+00:00,run1_set6
99.7272,2116.8333,6982.839,-50.75029,-434.6382,-104.14398193359375,2022-03-17 07:41:58.401653268+00:00,run1_set6
24.072731,1148.4055,3627.628,-404.78128,288.0789,145.11712646484375,2022-03-17 08:50:16.931791540+00:00,run1_set6
32.707096,1579.371,5473.0396,307.10828,302.2727,182.4830322265625,2022-03-17 08:59:20.184775036+00:00,run1_set6
30.202524,915.56323,3149.2805,-233.50919,376.81744,-210.98211669921875,2022-03-17 09:02:26.819957968+00:00,run1_set6
77.12122,1731.4617,5646.5522,-270.62936,-101.36372,-449.7017822265625,2022-03-17 11:36:43.997259052+00:00,run1_set6
70.83738,1476.1338,5208.4785,-174.46506,-402.81464,-338.65704345703125,2022-03-17 14:48:54.794833472+00:00,run1_set6
9.220399,597.04504,1517.9305,-231.9636,222.96014,70.80535888671875,2022-03-17 17:56:36.370478576+00:00,run1_set6
87.99123,2354.8733,7626.7837,13.274203,404.23495,-407.591552734375,2022-03-18 04:57:33.183390508+00:00,run1_set6
124.18017,1961.5371,7183.579,425.50317,-136.65327,188.08428955078125,2022-03-18 07:45:25.147428960+00:00,run1_set6
71.5698,2180.513,7707.2227,-10.926558,-468.6349,-232.31170654296875,2022-03-18 10:52:27.925117848+00:00,run1_set6
30.485882,906.7559,3026.5913,201.70274,-48.040215,-234.99468994140625,2022-03-18 15:40:42.893471052+00:00,run1_set6
5.8754377,308.44696,1241.3972,285.2871,-386.4537,-268.652587890625,2022-03-18 16:28:30.576203176+00:00,run1_set6
114.14405,2123.431,6839.5303,-431.09512,203.59503,-226.8056640625,2022-03-18 18:09:13.646307768+00:00,run1_set6
102.28224,3016.7932,8935.664,-306.21024,-333.52112,-357.5780029296875,2022-03-18 19:11:29.837919008+00:00,run1_set6
64.39785,1479.1681,5310.704,-360.97137,-244.76593,-214.3876953125,2022-03-18 19:26:57.597710472+00:00,run1_set6
31.703356,1076.3734,4255.1206,186.27533,-393.55426,-26.7291259765625,2022-03-18 20:56:27.314033660+00:00,run1_set6
112.91286,2063.0452,6871.1406,-444.232,174.64278,260.5532531738281,2022-03-18 21:29:26.973148964+00:00,run1_set6
96.49899,2239.4949,7269.11,137.93942,-224.78772,145.30758666992188,2022-03-18 22:02:54.262030284+00:00,run1_set6
11.09803,736.44104,2211.764,220.87033,-132.41669,-317.65234375,2022-03-18 23:24:44.184712592+00:00,run1_set6
28.921785,1320.42,4558.84,-36.614677,372.14313,-278.16351318359375,2022-03-18 23:34:22.562593604+00:00,run1_set6
39.12735,1254.4543,4393.8027,326.9437,300.01624,-295.7738037109375,2022-03-19 01:20:49.188872536+00:00,run1_set6
74.6535,1843.3866,6398.611,349.10327,36.550007,-492.6185302734375,2022-03-19 03:04:40.283995880+00:00,run1_set6
90.58338,2252.9385,8310.99,329.7946,-306.69238,-441.243896484375,2022-03-19 05:38:18.475889492+00:00,run1_set6
10.661571,745.09357,2693.7297,410.51157,25.306345,-42.65350341796875,2022-03-19 11:07:30.556608592+00:00,run1_set6
13.285183,563.39996,2140.2998,-223.80734,-419.00558,-46.6976318359375,2022-03-19 15:59:38.621311648+00:00,run1_set6
93.11528,2258.6653,8283.884,329.49213,-73.264046,-334.69696044921875,2022-03-19 16:58:18.951540284+00:00,run1_set6
103.763054,2990.197,10271.313,471.22974,107.87795,438.43768310546875,2022-03-19 23:56:51.862388724+00:00,run1_set6
7.5917172,692.48236,2141.0757,-181.14526,-411.04315,80.170654296875,2022-03-20 05:21:00.973755696+00:00,run1_set6
31.69092,757.1422,2164.4712,-38.135914,143.62881,109.04507446289062,2022-03-20 06:43:22.190967112+00:00,run1_set6
66.04483,1288.2777,4724.0312,-105.48397,-486.55215,148.797119140625,2022-03-20 06:59:08.140266812+00:00,run1_set6
63.575657,1726.5088,5613.4565,-107.69893,295.58978,-476.42529296875,2022-03-20 13:15:32.351410776+00:00,run1_set6
117.22886,2208.786,7076.618,300.19424,159.48282,-256.833984375,2022-03-20 14:39:58.916691896+00:00,run1_set6
114.657845,2172.9905,7381.872,-381.6383,310.9867,398.1142883300781,2022-03-20 15:55:24.677114356+00:00,run1_set6
46.311382,1558.6838,5389.874,241.68933,69.61491,284.7058410644531,2022-03-20 19:35:12.423672232+00:00,run1_set6
43.542587,1076.2761,3534.9675,-321.8757,355.4428,-477.7584228515625,2022-03-20 22:42:07.488228264+00:00,run1_set6
124.40782,2150.7053,6729.8247,288.6176,341.56067,-523.655029296875,2022-03-20 23:18:07.211021532+00:00,run1_set6
52.133427,1723.6008,5636.956,16.683517,252.53104,242.68527221679688,2022-03-21 05:13:17.197332820+00:00,run1_set6
5.1915565,611.1737,2021.3604,144.55954,43.9798,-449.3040771484375,2022-03-21 06:13:38.629096324+00:00,run1_set6
87.437805,1668.7585,6155.3613,148.72876,-364.57117,95.17080688476562,2022-03-21 09:07:07.964562452+00:00,run1_set6
97.38533,1986.3026,7077.88,-451.68463,21.394367,453.9979248046875,2022-03-21 14:59:22.127666476+00:00,run1_set6
30.267712,1216.1979,5125.4985,387.7527,-284.07867,491.212646484375,2022-03-21 16:24:23.354253863+00:00,run1_set6
101.87134,1933.0485,7155.1816,379.6744,-263.38867,304.19818115234375,2022-03-22 11:48:33.102875672+00:00,run1_set6
134.03069,3106.5542,9481.843,208.35768,221.80882,-240.3046875,2022-03-22 12:05:38.648754384+00:00,run1_set6
106.57618,2198.5007,7282.12,-116.58738,65.73351,-349.0753173828125,2022-03-22 18:40:25.263972860+00:00,run1_set6
127.4794,2785.107,9447.208,305.406,-39.930214,474.5377197265625,2022-03-22 19:11:39.162781436+00:00,run1_set6
124.816154,2043.3876,7706.4595,-478.19186,-161.17723,-1.38909912109375,2022-03-22 22:17:10.589117028+00:00,run1_set6
110.946526,3073.6074,9657.996,-105.447525,-378.0039,43.5048828125,2022-03-23 01:10:11.673478696+00:00,run1_set6
31.978973,872.9026,2950.4172,112.18189,202.791,-173.11212158203125,2022-03-23 03:50:06.858971560+00:00,run1_set6
30.72329,844.7982,3170.9102,252.83388,35.752007,358.1997985839844,2022-03-23 11:08:33.652625748+00:00,run1_set6
63.557137,1754.741,5310.737,-302.83557,290.6473,-287.17034912109375,2022-03-23 11:45:32.096887432+00:00,run1_set6
42.27807,1098.5498,3401.2112,-125.15831,352.47302,-81.430908203125,2022-03-23 12:50:28.627095948+00:00,run1_set6
39.89319,1218.7792,4466.148,188.73843,-427.02164,-449.55615234375,2022-03-23 15:45:00.018116412+00:00,run1_set6
30.576126,1229.0363,4534.6533,-205.93025,-212.7511,388.2616882324219,2022-03-23 16:12:59.930206136+00:00,run1_set6
94.32344,2160.4353,7280.505,-462.63733,56.643032,113.033203125,2022-03-23 17:17:27.155367492+00:00,run1_set6
82.69904,1995.3278,7016.8467,-498.17056,-101.07752,-316.61614990234375,2022-03-23 18:12:55.788795968+00:00,run1_set6
22.013456,735.9955,2404.32,233.92343,268.5832,-122.4600830078125,2022-03-23 20:40:16.000512636+00:00,run1_set6
103.12233,2501.7578,7404.798,-188.30228,146.73256,36.82818603515625,2022-03-24 04:52:43.679759596+00:00,run1_set6
127.61341,3193.5303,10331.278,-40.83014,-392.6926,-53.5423583984375,2022-03-24 11:02:08.348461648+00:00,run1_set6
13.002362,685.35046,2486.7297,-261.4951,-128.63766,247.62557983398438,2022-03-24 13:10:59.712393100+00:00,run1_set6
58.360214,1381.8787,4813.7485,142.46622,-155.85593,306.0409851074219,2022-03-24 14:35:01.657540+00:00,run1_set6
91.72334,1607.396,5431.5684,-388.25592,-143.52724,-448.9903564453125,2022-03-24 21:57:37.093194448+00:00,run1_set6
92.502625,1549.345,5530.3926,95.39243,-148.37482,230.32330322265625,2022-03-24 22:46:52.233407148+00:00,run1_set6
44.27372,1820.7626,6701.587,307.2156,-49.035496,376.3702392578125,2022-03-25 01:42:54.021495352+00:00,run1_set6
117.879715,2654.6248,9185.889,310.3467,20.518118,482.3178405761719,2022-03-25 02:27:12.900781368+00:00,run1_set6
3.5244637,50.045696,210.78389,197.32799,272.7171,150.75201416015625,2022-03-25 04:28:58.181206220+00:00,run1_set6
62.015152,1637.1467,5595.447,102.41405,-355.388,-47.4761962890625,2022-03-25 05:49:42.601540536+00:00,run1_set6
9.713299,641.1289,2206.757,105.19962,-203.97748,115.79458618164062,2022-03-25 12:24:22.720512088+00:00,run1_set6
8.364184,758.2743,2980.5127,174.85037,266.61826,464.802734375,2022-03-25 17:12:55.799436180+00:00,run1_set6
120.906334,2040.2856,7038.9424,45.230553,111.26262,-276.387939453125,2022-03-25 19:33:35.506253816+00:00,run1_set6
7.7559457,728.15607,2536.9907,252.66748,179.35403,-293.9310302734375,2022-03-25 20:30:26.378727788+00:00,run1_set6
2.3343723,74.37504,399.05103,155.62373,137.10213,219.18801879882812,2022-03-25 20:43:18.038419620+00:00,run1_set6
111.800934,2427.0933,7755.1304,202.97635,349.5275,175.022216796875,2022-03-25 21:56:09.939993768+00:00,run1_set6
24.454134,1252.6732,3511.4326,-365.24075,330.16412,-456.3111572265625,2022-03-26 05:03:49.157375348+00:00,run1_set6
15.482214,768.76337,2759.744,-501.03522,-76.396286,-429.07232666015625,2022-03-26 15:15:58.818491084+00:00,run1_set6
105.57629,2406.5793,7569.4727,15.895179,379.87906,184.91961669921875,2022-03-27 03:06:03.616447696+00:00,run1_set6
12.878944,786.6896,2993.3752,129.41466,-281.59268,-217.126708984375,2022-03-27 03:28:34.899381316+00:00,run1_set6
106.43855,1673.057,5376.057,-74.01903,-303.70312,-158.70574951171875,2022-03-27 03:31:24.197720292+00:00,run1_set6
60.067562,1332.8455,4722.626,-473.97278,-88.19295,24.93115234375,2022-03-27 04:57:46.978922040+00:00,run1_set6
97.88582,2657.544,8241.859,36.468502,248.18271,-486.389892578125,2022-03-27 07:32:54.451644492+00:00,run1_set6
26.252306,1113.5292,3834.524,301.86398,129.9549,-404.25323486328125,2022-03-27 07:58:18.680355852+00:00,run1_set6
100.53542,2701.3457,8096.333,19.087025,174.17981,-213.1722412109375,2022-03-27 08:40:20.551593724+00:00,run1_set6
10.512105,889.5202,3102.812,-86.285065,393.12326,-204.1878662109375,2022-03-27 11:54:33.673549580+00:00,run1_set6
53.230778,1330.5859,4471.448,127.9152,-98.93826,121.9615478515625,2022-03-27 12:50:09.309892344+00:00,run1_set6
123.227425,2008.8517,6329.19,76.18395,141.69868,-361.2020263671875,2022-03-27 13:34:03.325509291+00:00,run1_set6
80.60937,2084.536,6361.2646,-80.08572,298.87695,-174.87652587890625,2022-03-27 21:42:18.652993456+00:00,run1_set6
61.832817,1609.0331,4980.993,364.23346,117.193954,-77.85174560546875,2022-03-28 01:29:40.393874696+00:00,run1_set6
102.98823,2749.0083,9491.59,273.61905,125.383865,504.1739196777344,2022-03-28 06:45:32.689469964+00:00,run1_set6
14.041233,705.4907,2532.8384,-320.5524,359.207,174.94375610351562,2022-03-28 07:48:14.054152800+00:00,run1_set6
47.978477,1327.4047,4896.5996,-2.9050202,497.47086,300.4173278808594,2022-03-28 10:43:08.282807724+00:00,run1_set6
34.08241,943.4811,3271.399,64.71295,-382.1268,-122.66729736328125,2022-03-28 11:04:16.015126136+00:00,run1_set6
48.170162,1426.3972,4657.6,473.7583,97.22962,-433.531005859375,2022-03-28 14:08:17.209141232+00:00,run1_set6
60.699665,1735.9209,5758.57,-9.408963,1.0424103,-489.621826171875,2022-03-28 14:39:54.941801652+00:00,run1_set6
62.38919,1641.9886,5261.597,55.73641,18.850937,-526.66845703125,2022-03-28 16:28:58.341218888+00:00,run1_set6
38.82375,1688.8894,5307.8623,307.0651,194.9822,-217.9556884765625,2022-03-28 18:43:20.085737076+00:00,run1_set6
112.31742,2050.3828,5586.5527,-208.81291,168.15526,342.5555114746094,2022-03-28 19:16:10.490346540+00:00,run1_set6
39.19373,1290.4009,4432.43,207.48329,-120.97282,265.9864807128906,2022-03-29 01:51:27.067470272+00:00,run1_set6
112.96439,2278.7566,6811.625,-75.9161,86.3664,-402.93695068359375,2022-03-29 07:04:31.712831464+00:00,run1_set6
93.16214,2229.902,6904.666,-320.24265,279.99475,-323.3095703125,2022-03-29 10:24:14.250058020+00:00,run1_set6
104.223465,3125.5093,10264.034,284.734,-82.008026,-160.30767822265625,2022-03-29 11:19:26.295133204+00:00,run1_set6
37.219906,1630.7375,5382.5386,158.49907,-65.18242,316.32489013671875,2022-03-29 12:03:40.483326500+00:00,run1_set6
23.275328,1077.4292,3632.977,-377.59402,17.008465,189.96075439453125,2022-03-29 14:22:14.934445864+00:00,run1_set6
25.795918,1138.4861,3815.813,91.59228,165.78181,-121.9727783203125,2022-03-29 15:48:40.013841436+00:00,run1_set6
44.432762,827.96454,3008.0552,-200.62115,-38.87179,-48.9381103515625,2022-03-29 22:18:57.822570456+00:00,run1_set6
61.615112,1232.1022,4526.642,45.412224,252.24223,499.58648681640625,2022-03-29 22:39:44.567311088+00:00,run1_set6
129.21481,2399.889,8302.028,-152.924,-336.83493,221.49575805664062,2022-03-30 03:18:53.341020644+00:00,run1_set6
2.261814,500.395,2134.114,492.2627,-39.503033,-222.0950927734375,2022-03-30 12:16:12.379148176+00:00,run1_set6
49.93992,1409.3282,5313.508,385.3891,-68.4215,125.87686157226562,2022-03-30 16:36:46.413998628+00:00,run1_set6
51.392426,1959.8081,6362.6167,261.59628,-177.01881,320.5650329589844,2022-03-30 22:25:02.745301808+00:00,run1_set6
107.08807,2449.403,7802.4307,131.2722,-65.49288,-16.40045166015625,2022-03-31 00:39:43.756907940+00:00,run1_set6
105.13851,2493.9084,8156.382,292.2905,122.961586,-217.7373046875,2022-03-31 02:33:53.117855744+00:00,run1_set6
89.474915,1255.2122,4400.6743,-70.23983,437.262,-372.1580810546875,2022-03-31 04:00:29.365346360+00:00,run1_set6
11.78331,624.6846,2243.012,60.73005,377.1336,100.20632934570312,2022-03-31 06:58:45.660468652+00:00,run1_set6
17.693913,820.3739,2791.74,-46.50672,-20.070215,26.3370361328125,2022-03-31 08:02:27.835854320+00:00,run1_set6
78.887955,1687.2109,5707.777,-277.86414,-201.82536,473.8599548339844,2022-03-31 08:16:49.543340584+00:00,run1_set6
79.585884,1564.175,5580.99,191.08478,-213.81612,363.1793212890625,2022-03-31 09:24:28.210371804+00:00,run1_set6
14.311521,904.67773,2529.4321,-236.08401,195.80669,508.3076477050781,2022-03-31 11:00:38.294689972+00:00,run1_set6
117.5599,2511.9736,8761.364,-445.25195,-123.532364,476.8790283203125,2022-03-31 13:19:55.642821552+00:00,run1_set6
117.44253,2039.7712,6475.195,-128.84958,378.23776,-132.4078369140625,2022-03-31 13:23:05.135818568+00:00,run1_set6
129.86089,2539.8213,9238.55,88.89117,-28.85693,423.157470703125,2022-03-31 13:35:19.391272588+00:00,run1_set6
72.09739,2385.0764,7893.3774,263.4539,-118.91961,224.26837158203125,2022-03-31 16:01:38.211350240+00:00,run1_set6
99.82622,1968.3639,6953.7373,137.72658,-415.38025,315.8543701171875,2022-03-31 19:34:48.883737532+00:00,run1_set6
117.03947,2249.702,6816.9424,-320.31686,308.9235,-98.4923095703125,2022-03-31 22:37:47.930609596+00:00,run1_set6
22.469122,1495.3054,4899.3945,-204.8327,332.61673,-152.67877197265625,2022-04-01 06:36:07.759297748+00:00,run1_set6
84.643875,1824.7501,6926.1245,488.82144,-148.66014,-41.16357421875,2022-04-01 10:41:07.370836812+00:00,run1_set6
66.529396,2586.094,9859.293,445.42545,-86.24771,345.04248046875,2022-04-01 12:46:15.308211772+00:00,run1_set6
55.013664,1199.1686,4299.4365,-17.199545,450.02643,266.8602600097656,2022-04-01 14:44:03.989772700+00:00,run1_set6
102.63778,1674.4521,5623.6978,141.57346,320.87064,479.45001220703125,2022-04-01 22:21:07.229351428+00:00,run1_set6
66.176094,1694.1781,5238.488,-6.4751096,-141.47632,-73.46038818359375,2022-04-02 01:42:45.075590824+00:00,run1_set6
114.023315,2036.5529,6091.3643,-202.47816,-0.32946002,202.54672241210938,2022-04-02 02:41:03.953047028+00:00,run1_set6
73.175934,1446.3419,5194.639,-131.69604,358.56848,291.1248474121094,2022-04-02 02:46:52.425438456+00:00,run1_set6
52.822857,1664.7365,5509.518,-106.95185,-359.93994,-114.51190185546875,2022-04-02 07:56:58.539865164+00:00,run1_set6
106.16524,1957.3551,6079.1943,132.85844,130.69199,-368.948486328125,2022-04-02 08:10:49.838026476+00:00,run1_set6
21.619757,761.5318,2521.5627,-278.0141,-372.31213,-192.71649169921875,2022-04-02 10:34:34.990044388+00:00,run1_set6
51.84788,1690.0323,5440.319,262.2798,319.78833,-504.274658203125,2022-04-02 12:21:15.459739612+00:00,run1_set6
14.515952,678.041,2336.3628,-289.0182,288.13092,-166.96197509765625,2022-04-02 21:52:56.409562564+00:00,run1_set6
39.80128,1359.3125,5098.5044,275.93674,-306.0024,200.83831787109375,2022-04-02 23:15:54.385669040+00:00,run1_set6
120.16108,2164.0146,5585.7583,-358.30356,67.39041,-505.5069580078125,2022-04-03 01:17:42.692921472+00:00,run1_set6
28.903326,1129.2657,3729.4539,-419.71625,93.58462,-221.71978759765625,2022-04-03 05:56:16.100554488+00:00,run1_set6
13.093737,875.32855,2780.4465,253.40364,-206.7298,165.55050659179688,2022-04-03 09:06:32.732783268+00:00,run1_set6
53.159718,946.46045,3350.036,-81.98071,16.442846,359.6393127441406,2022-04-03 11:25:31.299171776+00:00,run1_set6
42.808796,1084.8999,3783.7046,18.081966,62.695076,-154.33111572265625,2022-04-04 00:23:55.571045824+00:00,run1_set6
36.038353,1083.5322,3823.5293,-275.10147,373.2292,-167.15240478515625,2022-04-04 01:15:26.832347236+00:00,run1_set6
33.22934,1161.7219,3893.079,-221.99544,-104.34425,340.51104736328125,2022-04-04 01:27:57.507720624+00:00,run1_set6
83.1756,1859.7694,6180.2183,63.18872,-119.44699,-193.181396484375,2022-04-04 06:03:15.405960064+00:00,run1_set6
16.8379,778.1684,3355.7925,-481.70178,4.793851,479.55084228515625,2022-04-04 12:22:49.149454848+00:00,run1_set6
11.94652,615.4966,2162.7502,-176.57043,342.2042,42.037353515625,2022-04-04 13:31:49.487926752+00:00,run1_set6
30.446627,1093.855,4109.4214,212.806,-378.7752,311.406982421875,2022-04-04 14:24:24.781096632+00:00,run1_set6
50.145763,1426.843,5294.1997,-55.531548,-505.01117,22.376953125,2022-04-04 15:18:43.567274172+00:00,run1_set6
31.434553,890.2452,3291.4636,409.41095,70.966156,397.57098388671875,2022-04-04 16:50:57.391162160+00:00,run1_set6
87.3098,2325.8958,7757.0493,-374.7929,-219.32309,222.99127197265625,2022-04-04 18:52:10.511685152+00:00,run1_set6
91.2834,1807.9949,5848.9976,44.116062,70.07354,-389.29791259765625,2022-04-04 21:32:18.416828340+00:00,run1_set6
91.99803,1816.8597,5562.5796,-189.20114,-14.297854,-35.75836181640625,2022-04-04 22:16:23.612913236+00:00,run1_set6
78.08963,1672.1938,5857.3745,61.256718,-431.743,-31.12054443359375,2022-04-04 23:49:00.239815948+00:00,run1_set6
115.093605,2733.6162,8985.8,-228.89041,-149.45326,-495.8896484375,2022-04-05 01:29:29.549216628+00:00,run1_set6
126.23752,2516.6372,8426.088,-280.01926,-141.76038,271.3132629394531,2022-04-05 07:33:40.211847500+00:00,run1_set6
122.7767,2549.89,8148.965,-214.44548,-82.659225,-483.7125244140625,2022-04-05 09:31:07.275780656+00:00,run1_set6
101.668465,1792.58,6529.633,209.50586,-377.53046,27.1884765625,2022-04-05 14:57:56.937884348+00:00,run1_set6
45.1167,944.8789,3477.193,373.0998,-162.46841,307.9734191894531,2022-04-05 17:44:41.571950068+00:00,run1_set6
61.52066,1798.5004,6093.9844,-465.7903,123.25637,-172.6136474609375,2022-04-05 19:00:10.702901756+00:00,run1_set6
18.626438,830.3691,2481.86,-36.991974,-52.670593,-19.2122802734375,2022-04-05 20:32:31.046973136+00:00,run1_set6
54.0,1449.7548,5036.9165,112.80706,-383.82147,237.45370483398438,2022-04-06 04:21:58.988457832+00:00,run1_set6
44.66086,1759.9773,5386.647,-42.48046,130.09612,441.51837158203125,2022-04-06 08:38:14.684459888+00:00,run1_set6
73.67377,1526.2024,5432.131,-65.96124,-414.63504,402.61767578125,2022-04-06 09:50:38.383149908+00:00,run1_set6
17.278873,653.96533,2042.6768,16.46318,-112.28954,-509.3662109375,2022-04-06 10:42:24.967259292+00:00,run1_set6
133.04881,3037.994,9656.348,-93.024376,294.35352,-445.9713134765625,2022-04-06 10:58:27.380811424+00:00,run1_set6
6.8407397,575.80664,2012.9797,232.85991,424.1802,-5.6124267578125,2022-04-06 21:24:12.955718068+00:00,run1_set6
97.754745,2307.721,8139.6104,-259.53287,439.57135,170.56918334960938,2022-04-06 21:58:05.354766028+00:00,run1_set6
91.23468,2126.989,7805.9917,-489.60687,-115.22157,3.0750732421875,2022-04-07 00:02:15.990206504+00:00,run1_set6
36.59929,1101.9429,4829.7676,44.949894,-495.63144,454.0931396484375,2022-04-07 05:36:43.698148704+00:00,run1_set6
48.143894,1483.1416,4608.588,-65.949234,270.34824,-258.979248046875,2022-04-07 07:49:39.082396332+00:00,run1_set6
79.15329,2062.1738,7006.0635,-181.69818,-187.50436,72.54736328125,2022-04-07 12:26:33.557873332+00:00,run1_set6
30.739473,1039.8003,3412.7622,414.4265,217.26622,63.78143310546875,2022-04-07 13:38:39.795686012+00:00,run1_set6
101.46841,2139.6284,6939.156,99.232834,-224.29668,-374.91387939453125,2022-04-07 18:40:46.982572780+00:00,run1_set6
104.71388,3100.731,8537.482,-251.5321,255.67087,-2.81182861328125,2022-04-07 23:47:12.013635168+00:00,run1_set6
93.94894,1873.2609,6075.7363,72.605286,53.73161,-229.30377197265625,2022-04-08 00:23:21.922831268+00:00,run1_set6
117.76324,2281.492,6982.1143,183.53293,-252.42505,-453.331298828125,2022-04-08 02:26:26.213670708+00:00,run1_set6
84.405014,1747.778,5950.686,223.3805,-172.07599,320.03289794921875,2022-04-08 03:46:22.790456600+00:00,run1_set6
89.70684,1914.359,6077.42,-285.79337,271.96368,303.89569091796875,2022-04-08 04:34:17.582110364+00:00,run1_set6
75.77409,1969.5715,6360.6836,-26.737091,314.94772,-260.452392578125,2022-04-08 06:12:55.524107188+00:00,run1_set6
83.25382,2139.5278,7378.4365,128.8487,-439.13345,-72.11602783203125,2022-04-08 06:24:18.580511664+00:00,run1_set6
71.81414,2071.839,7468.2974,-487.07465,36.14884,-105.96435546875,2022-04-08 08:14:30.516464876+00:00,run1_set6
122.89036,2311.2021,7407.144,219.28612,-17.542135,-87.3458251953125,2022-04-08 16:52:11.545782668+00:00,run1_set6
46.035603,1211.7354,4227.2607,-70.890396,-193.60208,213.0994873046875,2022-04-08 17:34:33.036133888+00:00,run1_set6
76.18233,1978.5844,6420.07,165.38773,70.09934,15.27459716796875,2022-04-08 17:54:13.751455472+00:00,run1_set6
35.704533,1416.7354,4558.9263,-193.1447,352.15823,-357.44354248046875,2022-04-08 22:57:33.927758780+00:00,run1_set6
90.74402,1676.3429,5915.3057,-228.29562,-121.54294,309.81622314453125,2022-04-09 03:52:27.584779780+00:00,run1_set6
38.894844,1053.6072,3104.7092,7.700344,11.466061,-184.99798583984375,2022-04-09 08:01:26.365076172+00:00,run1_set6
30.356585,1075.4219,3226.8164,-420.71634,-168.62512,-353.606689453125,2022-04-09 08:05:16.767995360+00:00,run1_set6
23.600245,1210.3972,4298.8223,175.15938,-458.52704,135.88626098632812,2022-04-09 09:09:37.907645972+00:00,run1_set6
87.743576,1882.8768,6434.8906,-125.77325,-295.44662,-472.8292236328125,2022-04-09 11:20:59.856367936+00:00,run1_set6
56.73264,1410.1813,4628.649,-109.785286,-202.06291,-448.9007568359375,2022-04-09 12:42:03.827297584+00:00,run1_set6
70.74062,1866.4785,6138.5713,-108.47965,81.56891,373.46881103515625,2022-04-09 15:40:23.701725740+00:00,run1_set6
118.98419,2348.1775,7657.9507,164.8673,15.333993,-488.52392578125,2022-04-09 16:47:29.280355996+00:00,run1_set6
93.56202,1879.7924,6340.5493,-24.171026,-174.7531,139.29742431640625,2022-04-09 17:24:05.188224020+00:00,run1_set6
71.027016,1676.411,5350.2593,46.666286,-317.0678,-110.0869140625,2022-04-10 01:04:26.628984408+00:00,run1_set6
117.21498,2015.6716,7011.5176,93.86755,33.535896,-362.52392578125,2022-04-10 03:00:17.749652436+00:00,run1_set6
53.245872,1651.5475,5817.9097,65.24137,-451.92017,381.02490234375,2022-04-10 05:29:28.400405028+00:00,run1_set6
4.159909,569.161,2896.9868,511.67355,-85.38382,446.139404296875,2022-04-10 07:32:51.819659980+00:00,run1_set6
16.430178,690.0942,2588.9524,-6.8006935,-399.6081,505.8150939941406,2022-04-10 07:35:24.465931872+00:00,run1_set6
100.7156,1902.3293,5892.405,-26.233255,-60.379272,482.48590087890625,2022-04-10 12:30:50.309687196+00:00,run1_set6
115.252625,2257.1519,7117.6187,-72.54531,342.0731,-131.8140869140625,2022-04-10 13:48:32.012518780+00:00,run1_set6
124.56557,1781.3193,5842.936,-66.44492,-269.07028,-86.58404541015625,2022-04-10 14:04:27.430816824+00:00,run1_set6
37.09624,1333.4098,3643.591,-378.6207,55.133778,-467.9617919921875,2022-04-10 15:12:03.158287812+00:00,run1_set6
31.20477,1153.9078,4197.072,-23.102385,464.50757,-37.12506103515625,2022-04-10 16:16:39.962668948+00:00,run1_set6
18.316618,1038.702,3783.7446,139.03903,-439.3742,-121.93359375,2022-04-10 16:50:57.168618700+00:00,run1_set6
50.608017,1224.9381,4333.5894,121.74055,482.05374,-195.75238037109375,2022-04-10 17:34:28.974496344+00:00,run1_set6
63.215595,2075.6768,6757.363,-1.5994116,238.85536,433.64862060546875,2022-04-10 22:46:37.201059216+00:00,run1_set6
79.49719,1465.6582,5145.8237,-242.3191,-227.10934,28.650390625,2022-04-10 22:59:02.776785932+00:00,run1_set6
100.448105,2307.8022,8154.1074,405.6257,-197.54695,26.2474365234375,2022-04-10 23:47:29.966112448+00:00,run1_set6
66.92271,1765.2147,5613.7773,-131.8048,-39.748737,-370.7745361328125,2022-04-11 01:44:11.375675112+00:00,run1_set6
52.171234,1138.8093,3914.9104,317.44196,-151.93462,-325.97576904296875,2022-04-11 03:40:57.423616744+00:00,run1_set6
9.4491,720.7675,2580.3315,131.2633,-354.36362,-457.633056640625,2022-04-11 07:10:54.578433140+00:00,run1_set6
21.789207,606.5324,2357.8704,-128.22531,378.35614,265.347900390625,2022-04-11 09:41:12.290530612+00:00,run1_set6
33.140797,800.0495,3271.1348,68.42291,-480.4208,133.51693725585938,2022-04-11 09:45:03.221319552+00:00,run1_set6
54.639614,1967.346,6239.6733,348.38312,243.6722,485.6225891113281,2022-04-11 10:22:27.345184068+00:00,run1_set6
97.64014,1467.2262,4313.543,-77.90397,-20.41042,36.15606689453125,2022-04-11 11:04:28.748523+00:00,run1_set6
22.508696,741.9143,2770.4658,-154.68974,-286.5579,100.74404907226562,2022-04-11 12:10:24.815726040+00:00,run1_set6
119.91224,3032.064,9397.536,200.44446,360.56323,70.42449951171875,2022-04-11 12:49:22.579591416+00:00,run1_set6
81.67262,1937.1002,6823.568,436.56567,-177.27615,-350.01068115234375,2022-04-11 15:53:09.807522844+00:00,run1_set6
74.62069,2770.4468,8737.343,419.84134,-83.32343,-377.17681884765625,2022-04-11 17:32:47.602176140+00:00,run1_set6
126.22533,3129.8257,10452.94,-224.92778,-294.97116,462.2205810546875,2022-04-11 18:01:19.350669232+00:00,run1_set6
31.255623,751.03577,2522.5332,-294.68802,-151.4075,-350.8172607421875,2022-04-11 18:39:14.047845104+00:00,run1_set6
61.416317,1264.3285,4236.212,-185.14081,-107.367676,-307.166748046875,2022-04-11 19:34:19.033103832+00:00,run1_set6
49.981537,1316.6074,5014.906,-442.1766,-165.40251,459.7112121582031,2022-04-11 20:15:14.850962568+00:00,run1_set6
112.52755,2173.8354,6923.571,-13.363234,-18.516102,-358.0484619140625,2022-04-11 22:09:16.218662036+00:00,run1_set6
60.415447,1530.4004,5276.689,61.537445,-181.7883,-373.74884033203125,2022-04-11 23:41:11.943240532+00:00,run1_set6
62.504955,1895.0581,6484.4253,100.838135,-57.199413,6.4638671875,2022-04-12 00:01:38.366031940+00:00,run1_set6
123.802826,2189.3523,7059.4814,53.535217,138.0726,-385.40496826171875,2022-04-12 00:37:17.813463548+00:00,run1_set6
90.52777,2172.963,7492.8384,209.04784,-324.07983,200.46868896484375,2022-04-12 01:18:17.489790336+00:00,run1_set6
117.34395,2508.047,8120.0093,236.01163,386.59003,234.91073608398438,2022-04-12 04:02:52.165958624+00:00,run1_set6
93.49911,2574.6953,7723.9185,-345.78165,157.78568,479.472412109375,2022-04-12 08:58:34.659728096+00:00,run1_set6
83.94482,2292.2346,7470.3545,-246.75897,-363.26544,361.19647216796875,2022-04-12 09:29:37.194093964+00:00,run1_set6
50.04847,1448.3447,4190.0415,-148.55247,0.28316227,7.41607666015625,2022-04-12 09:54:49.641890572+00:00,run1_set6
18.20587,815.5063,2634.2683,39.247616,-41.27245,-240.6295166015625,2022-04-12 12:02:59.711698540+00:00,run1_set6
122.03738,1722.829,5450.208,-296.6799,-337.94214,-169.2808837890625,2022-04-12 13:37:07.292313860+00:00,run1_set6
18.640789,577.3077,1870.3948,-240.00647,-330.3489,-294.19427490234375,2022-04-12 13:52:06.575384420+00:00,run1_set6
131.26448,2434.79,8157.058,363.29773,32.26834,302.0809020996094,2022-04-12 17:14:31.651241048+00:00,run1_set6
49.518406,1307.3574,4054.9192,-31.930595,-69.20604,-423.1629638671875,2022-04-12 21:46:45.163260624+00:00,run1_set6
130.4952,2647.0776,9035.503,-297.30585,-120.17931,173.21856689453125,2022-04-13 00:49:38.712398656+00:00,run1_set6
90.785736,2178.2595,7516.703,338.25284,47.498226,397.145263671875,2022-04-13 01:06:53.178487392+00:00,run1_set6
128.34709,3027.1677,9554.582,502.60092,118.81853,-145.957275390625,2022-04-13 11:15:11.881441264+00:00,run1_set6
43.675907,1517.9584,5201.6973,180.03032,-133.23587,-235.689208984375,2022-04-13 11:20:14.147948124+00:00,run1_set6
106.39032,1883.0457,6090.2397,-206.60329,306.0702,362.4903564453125,2022-04-13 14:52:07.585429592+00:00,run1_set6
132.4634,2743.258,7955.656,438.98697,127.748375,-258.66558837890625,2022-04-13 19:18:10.079983756+00:00,run1_set6
25.62653,1159.5518,3555.2039,-390.8105,294.92102,-35.870361328125,2022-04-13 21:08:46.245751088+00:00,run1_set6
105.110664,2280.1382,7239.745,-50.043667,-433.03058,-468.230712890625,2022-04-13 23:46:44.312577604+00:00,run1_set6
29.383583,1019.9188,3500.8816,174.8225,-164.502,503.5802001953125,2022-04-14 02:27:41.575201200+00:00,run1_set6
10.045182,608.6645,2349.8623,490.97192,-119.89539,106.55252075195312,2022-04-14 04:46:53.073892436+00:00,run1_set6
109.0976,2131.1736,6966.6743,206.14671,69.37134,28.75677490234375,2022-04-14 06:33:56.677458140+00:00,run1_set6
51.579784,1268.5826,4866.5015,-142.63226,-446.96982,363.2633056640625,2022-04-14 08:00:17.841022204+00:00,run1_set6
87.55464,1904.4044,6085.6904,179.98451,366.474,-22.192138671875,2022-04-14 08:58:32.521066508+00:00,run1_set6
114.21052,1763.6626,6134.9365,39.61199,-61.62445,210.23724365234375,2022-04-14 19:12:49.679366676+00:00,run1_set6
64.760445,1531.4711,5361.8535,243.38988,73.34476,488.8096923828125,2022-04-14 19:24:32.013228328+00:00,run1_set6
99.516716,2094.7656,6585.4736,21.338417,419.04733,-104.14398193359375,2022-04-14 21:14:10.062631284+00:00,run1_set6
68.16258,1484.7654,4973.8896,1.3258197,241.98085,-259.98187255859375,2022-04-15 09:02:27.423017724+00:00,run1_set6
27.754217,768.3348,2684.4954,-339.27005,303.28146,402.0463562011719,2022-04-15 10:20:09.160607476+00:00,run1_set6
18.521475,982.7955,3916.3713,257.5282,421.25058,258.1335144042969,2022-04-15 13:42:37.092580428+00:00,run1_set6
72.672485,1982.1836,5933.8843,-72.285645,-80.282715,181.43002319335938,2022-04-15 18:10:12.955189856+00:00,run1_set6
96.35118,2159.9724,7030.3,-365.74435,-139.0688,385.6571044921875,2022-04-15 20:36:54.712498264+00:00,run1_set6
2.546729,355.54935,964.11145,-393.13968,235.38919,-18.83135986328125,2022-04-15 22:01:24.581261868+00:00,run1_set6
128.15027,2609.4602,8215.856,41.482193,-187.07921,-166.474609375,2022-04-15 23:54:58.303915584+00:00,run1_set6
7.106324,558.51294,2238.7,452.60742,-41.495064,479.970947265625,2022-04-16 04:07:14.446136748+00:00,run1_set6
18.860207,932.4462,3331.422,-232.04205,-266.61877,-442.5657958984375,2022-04-16 05:13:26.884668208+00:00,run1_set6
95.67367,2306.7295,7584.969,264.38394,-265.76633,-80.54595947265625,2022-04-16 07:33:22.813658700+00:00,run1_set6
43.82894,1523.7,5923.49,-429.04242,-281.65735,52.102783203125,2022-04-16 11:57:50.769496484+00:00,run1_set6
6.6917596,581.3742,2149.8494,-460.84808,-40.23094,335.2906799316406,2022-04-16 20:03:42.251462052+00:00,run1_set6
9.445348,623.1826,1751.9723,-377.22745,157.08415,-317.3946533203125,2022-04-16 20:37:47.862628052+00:00,run1_set6
64.005905,1504.7595,4761.8438,-159.9235,-33.21572,335.87322998046875,2022-04-16 21:11:46.796025260+00:00,run1_set6
39.119923,1146.2957,4176.4336,370.89563,-230.26176,-146.47259521484375,2022-04-16 23:25:10.735484832+00:00,run1_set6
36.422062,1099.8036,3623.8794,129.17886,240.18597,146.01333618164062,2022-04-17 00:17:42.533029048+00:00,run1_set6
112.01345,2059.5664,7383.892,126.64879,-491.6972,25.8553466796875,2022-04-17 00:36:03.190728884+00:00,run1_set6
132.5694,2338.685,7158.6655,-421.1868,-57.114555,-412.82867431640625,2022-04-17 01:00:39.518201980+00:00,run1_set6
37.55826,1803.8862,6324.628,-362.25607,-234.38315,394.9552001953125,2022-04-17 01:23:02.886368924+00:00,run1_set6
98.25046,2233.464,7600.991,421.45596,-98.477104,462.28778076171875,2022-04-17 03:21:09.489586124+00:00,run1_set6
18.226755,705.9669,2524.7256,-142.75157,-375.92438,-281.21063232421875,2022-04-17 13:16:01.965227768+00:00,run1_set6
43.63306,1067.3079,4168.89,186.95581,436.04416,152.62841796875,2022-04-17 14:09:10.486944564+00:00,run1_set6
91.84951,1881.8518,6307.8867,193.92651,-89.809875,163.61245727539062,2022-04-17 16:47:02.313343780+00:00,run1_set6
88.70312,2306.8423,7537.4395,-173.72305,-457.5547,-292.4691162109375,2022-04-17 19:13:59.739996948+00:00,run1_set6
53.777153,1941.1041,5354.7046,-56.373684,171.631,-378.26898193359375,2022-04-18 00:39:32.285921096+00:00,run1_set6
43.399426,1328.5192,4092.278,-291.07428,232.51942,-30.3419189453125,2022-04-18 04:43:37.959720500+00:00,run1_set6
130.54462,2954.2798,9266.974,80.070786,-277.65848,196.021240234375,2022-04-18 07:21:35.126831268+00:00,run1_set6
118.05057,2709.2412,8096.597,283.71912,201.52022,-371.53076171875,2022-04-18 11:27:43.962466016+00:00,run1_set6
87.151306,1631.6787,5373.801,247.96068,93.195724,-276.1302490234375,2022-04-18 13:22:11.976886416+00:00,run1_set6
80.81707,1795.439,6143.537,-25.632366,277.36832,455.2638244628906,2022-04-18 13:52:41.103625232+00:00,run1_set6
45.697094,1226.6547,4322.78,236.70233,-232.16852,118.88650512695312,2022-04-18 14:50:34.104391572+00:00,run1_set6
26.52048,1126.1768,3496.9531,-106.21965,286.44836,-71.88079833984375,2022-04-18 15:12:33.732283112+00:00,run1_set6
7.207445,847.08875,3244.2234,-332.89804,-276.43213,318.2572937011719,2022-04-18 17:03:33.070757828+00:00,run1_set6
115.23173,2336.231,7723.351,232.16023,323.06238,-393.0731201171875,2022-04-18 17:18:31.270663032+00:00,run1_set6
101.66315,1893.1044,6313.483,342.965,-119.109535,92.23013305664062,2022-04-19 00:23:01.571325284+00:00,run1_set6
23.995935,870.1762,3237.918,324.4307,-149.37917,-110.675048828125,2022-04-19 01:07:05.354198884+00:00,run1_set6
18.87129,1173.8395,4261.8354,346.97455,341.09912,-315.89349365234375,2022-04-19 03:36:04.145582524+00:00,run1_set6
94.22135,1884.6125,5510.065,330.60162,233.4083,-322.2901611328125,2022-04-19 04:24:14.926425012+00:00,run1_set6
42.230377,1427.8898,4687.4224,-359.59506,-162.27202,-512.200439453125,2022-04-19 07:47:45.314946740+00:00,run1_set6
84.29026,1809.1852,4515.45,-225.25401,239.13751,-291.32647705078125,2022-04-19 14:34:35.784378884+00:00,run1_set6
14.893378,903.9319,3168.1057,78.03162,287.70767,310.8244323730469,2022-04-19 17:08:59.313408988+00:00,run1_set6
105.32391,2915.7,8304.119,347.9886,157.92949,355.0182800292969,2022-04-19 19:40:59.773839920+00:00,run1_set6
44.37447,970.4584,3089.985,-68.67264,80.17801,381.9602966308594,2022-04-19 20:57:15.587180728+00:00,run1_set6
3.5399213,323.97574,1154.3512,-54.060127,-122.27372,359.5496826171875,2022-04-19 22:32:10.344438684+00:00,run1_set6
13.465781,711.47974,2639.2751,-160.0344,-392.20905,273.68817138671875,2022-04-20 00:14:30.902986600+00:00,run1_set6
28.812126,1258.8856,4768.609,28.566435,-511.06857,-130.14495849609375,2022-04-20 01:11:34.596226768+00:00,run1_set6
117.34909,2274.7651,6194.3594,415.4307,139.0463,-394.33343505859375,2022-04-20 04:18:18.010727920+00:00,run1_set6
34.767246,1694.8485,5027.7153,377.65564,297.63928,-472.42041015625,2022-04-20 04:53:10.184191568+00:00,run1_set6
49.78981,1559.5922,5508.504,-145.19716,-154.49135,52.707763671875,2022-04-20 10:25:59.489010832+00:00,run1_set6
9.906705,730.38184,2728.6323,275.9344,-24.41026,-45.77899169921875,2022-04-20 10:35:03.130669680+00:00,run1_set6
12.375102,665.00977,2097.8972,-56.11812,127.53653,-20.707763671875,2022-04-20 14:18:15.655238412+00:00,run1_set6
100.42446,3108.8704,10010.394,253.22644,97.54535,-346.48199462890625,2022-04-20 16:11:15.964743952+00:00,run1_set6
68.84286,2407.8474,7650.7715,-127.78232,427.92715,-108.14324951171875,2022-04-20 20:33:31.616357244+00:00,run1_set6
132.12444,3001.7935,9149.492,335.72684,155.88597,395.80096435546875,2022-04-21 03:06:58.068985056+00:00,run1_set6
31.035995,973.24744,3430.8071,31.722494,-331.03738,409.075927734375,2022-04-21 03:08:40.759526152+00:00,run1_set6
91.17941,1766.4373,5389.386,-340.2136,-128.6006,-167.20281982421875,2022-04-21 08:49:31.660340284+00:00,run1_set6
60.139805,1812.2932,6722.132,235.54398,440.07233,346.9076843261719,2022-04-21 09:09:43.574633924+00:00,run1_set6
70.79355,1431.628,5031.4785,293.45624,-15.38055,247.8944091796875,2022-04-21 12:17:12.837639208+00:00,run1_set6
111.363304,1795.8245,5905.8813,-25.636288,219.37961,-434.86962890625,2022-04-21 15:47:34.771601620+00:00,run1_set6
117.421165,2253.6545,7362.179,-23.960512,-125.77656,-19.13385009765625,2022-04-21 16:47:47.526596516+00:00,run1_set6
88.4695,2202.737,6976.8984,14.400093,-26.24217,-170.401123046875,2022-04-21 18:52:12.893484524+00:00,run1_set6
133.9796,2601.267,8726.238,-202.85063,332.61105,363.24090576171875,2022-04-21 20:16:16.691263840+00:00,run1_set6
50.03557,1262.6707,3989.6526,459.76962,118.41096,-84.93170166015625,2022-04-21 21:39:14.425612504+00:00,run1_set6
6.4010377,493.5176,2207.3835,-221.20087,-24.749872,219.18801879882812,2022-04-21 23:02:09.078083124+00:00,run1_set6
16.299366,912.62,3295.9277,-139.9539,-101.52315,-368.8701171875,2022-04-22 00:05:34.445202072+00:00,run1_set6
48.99928,1421.888,4904.5894,65.533066,-432.55252,-506.56005859375,2022-04-22 01:02:08.917326312+00:00,run1_set6
100.49528,2272.1013,7898.8315,-225.16397,-443.41293,56.77984619140625,2022-04-22 05:04:21.737600636+00:00,run1_set6
39.90508,1676.9841,5606.1074,194.87222,-197.78827,-406.807373046875,2022-04-22 09:32:24.449722300+00:00,run1_set6
116.44959,1959.3193,4886.741,-362.5029,51.250168,-209.3577880859375,2022-04-22 09:51:36.973726960+00:00,run1_set6
25.838676,1155.0265,3835.9917,-241.31868,-133.85649,-231.1859130859375,2022-04-22 11:09:10.723430148+00:00,run1_set6
74.28722,1927.4908,5144.8965,-233.68797,256.81754,412.19580078125,2022-04-22 12:08:01.840503924+00:00,run1_set6
119.15928,3067.547,9722.646,-420.14276,8.086883,-92.13494873046875,2022-04-22 15:24:40.630506872+00:00,run1_set6
14.271867,652.744,2027.991,69.744415,-332.1277,-128.61578369140625,2022-04-22 15:35:11.302017676+00:00,run1_set6
69.364334,2375.6523,7494.6035,334.53152,-42.738155,-348.62725830078125,2022-04-22 21:06:13.481666204+00:00,run1_set6
98.68827,2053.789,6316.7397,-418.1171,118.22717,-172.0478515625,2022-04-22 21:13:01.810233644+00:00,run1_set6
52.205734,1739.7944,6185.119,143.7259,-377.43478,83.0721435546875,2022-04-22 21:37:27.791238156+00:00,run1_set6
87.27549,2484.045,8877.343,-504.0665,-13.519988,337.62640380859375,2022-04-23 09:36:36.847827448+00:00,run1_set6
39.437576,1596.9822,5032.6187,-407.1903,216.06915,279.6702880859375,2022-04-23 12:39:46.273363860+00:00,run1_set6
6.633872,625.60986,2156.842,222.78943,365.63672,103.96475219726562,2022-04-23 14:32:21.997230456+00:00,run1_set6
34.483353,919.81683,3252.786,-331.41168,378.36533,259.7466735839844,2022-04-24 02:56:50.096712428+00:00,run1_set6
32.114597,1030.3585,3810.8953,-29.76349,440.77658,248.7794189453125,2022-04-24 04:14:55.099414620+00:00,run1_set6
46.76593,1638.2938,5116.2925,-336.94308,315.60693,-427.7728271484375,2022-04-24 13:05:42.659828516+00:00,run1_set6
54.53394,1404.8551,4493.282,-72.64018,31.847391,-362.40625,2022-04-24 16:55:27.038255928+00:00,run1_set6
110.41762,2486.3877,8409.827,-405.5391,-229.95372,11.85223388671875,2022-04-24 20:58:30.409968268+00:00,run1_set6
39.118324,1099.5504,3475.6995,-108.79485,-413.9683,-447.4444580078125,2022-04-24 22:52:44.984076996+00:00,run1_set6
2.6612115,242.00897,1272.0371,-448.84042,115.27119,114.62393188476562,2022-04-25 05:43:26.552080276+00:00,run1_set6
88.0573,1691.9597,6613.2964,512.1863,22.043354,-454.3900146484375,2022-04-25 07:18:36.256073308+00:00,run1_set6
35.525406,1160.6455,3756.717,-239.73468,-383.7952,-405.4014892578125,2022-04-25 07:33:24.044195628+00:00,run1_set6
61.850605,1690.0468,6274.678,48.70904,461.48062,-227.53948974609375,2022-04-25 08:23:53.524170960+00:00,run1_set6
46.77979,1654.8721,4453.746,-379.03165,214.63559,-118.38238525390625,2022-04-25 08:36:50.395094860+00:00,run1_set6
5.6143885,493.33975,1812.0851,-266.1358,-170.62,-8.02099609375,2022-04-25 08:57:37.268355288+00:00,run1_set6
42.012165,1105.0771,4126.306,277.0242,14.954878,59.350830078125,2022-04-25 15:20:36.712497744+00:00,run1_set6
111.17714,2339.41,7235.2026,26.60863,199.67046,-64.319091796875,2022-04-26 01:13:57.307947928+00:00,run1_set6
45.18691,794.3708,2843.6,265.97714,-139.32051,-497.31787109375,2022-04-26 02:56:06.551125+00:00,run1_set6
105.39363,2070.105,6969.693,127.7758,105.35321,498.33740234375,2022-04-26 05:53:22.666479512+00:00,run1_set6
99.50034,2102.3538,6661.321,-228.88872,-390.8396,-320.3128662109375,2022-04-26 06:49:46.529283420+00:00,run1_set6
108.09808,1710.2002,5358.187,97.0514,277.48907,-538.7615966796875,2022-04-26 09:15:58.336099596+00:00,run1_set6
28.272749,988.2475,3528.9648,-419.68713,-258.68246,8.407470703125,2022-04-26 16:12:05.810166784+00:00,run1_set6
41.488644,981.8995,3618.7107,-221.9486,-69.810196,-410.31378173828125,2022-04-26 17:18:54.237037708+00:00,run1_set6
62.02014,1171.6107,4255.991,-55.628716,-295.99347,-233.02301025390625,2022-04-26 22:17:24.312668340+00:00,run1_set6
18.073116,690.3506,1881.1991,-175.8191,163.47661,-482.6875,2022-04-26 23:25:30.979857956+00:00,run1_set6
87.5826,1558.9241,5739.543,211.3164,-392.59277,198.52505493164062,2022-04-27 01:10:33.506009228+00:00,run1_set6
32.816883,1157.6898,3589.2483,-30.939142,22.08448,-133.158447265625,2022-04-27 06:02:37.907142976+00:00,run1_set6
115.801506,2089.9924,6690.2534,-429.3922,143.86913,334.3721008300781,2022-04-27 14:45:02.757947080+00:00,run1_set6
116.4355,2771.7935,9207.238,14.985727,-209.32066,109.308349609375,2022-04-27 16:58:57.590120324+00:00,run1_set6
83.96732,1954.9799,7306.6064,-156.96977,-292.4952,472.2243957519531,2022-04-27 17:09:58.088681308+00:00,run1_set6
54.70087,824.5783,2875.3176,306.2818,218.12444,270.3330078125,2022-04-27 17:50:23.314043880+00:00,run1_set6
123.930916,2322.305,7004.7734,29.944387,-272.81207,-347.949462890625,2022-04-27 20:28:29.120917756+00:00,run1_set6
40.026337,1740.7263,5643.261,200.2797,-204.98157,-54.7801513671875,2022-04-27 22:50:52.178737312+00:00,run1_set6
88.78515,1902.0854,6378.235,-290.11227,-114.13178,142.45654296875,2022-04-27 23:36:28.744538168+00:00,run1_set6
55.08995,1350.3357,4666.8135,18.33844,-89.668365,360.770751953125,2022-04-28 01:50:21.019299248+00:00,run1_set6
18.547956,541.3758,2217.633,328.84628,-15.869415,-247.18865966796875,2022-04-28 02:42:16.685947876+00:00,run1_set6
3.0664697,446.43732,1708.632,-420.19962,-257.00952,210.03561401367188,2022-04-28 03:40:10.675146668+00:00,run1_set6
88.073975,2192.872,7315.0947,-114.83184,395.9511,-75.482421875,2022-04-28 06:20:14.844612492+00:00,run1_set6
115.36325,2342.7644,7261.0933,451.60123,-62.728848,-104.00958251953125,2022-04-28 06:41:37.297264084+00:00,run1_set6
86.41557,1831.1824,5692.737,-110.27199,33.443985,-240.3719482421875,2022-04-28 07:47:52.544039052+00:00,run1_set6
86.51913,1620.5797,5595.3154,-269.30792,-39.38631,363.2801513671875,2022-04-28 16:22:16.913633520+00:00,run1_set6
104.85832,2077.993,8296.925,337.6082,-354.30426,154.51043701171875,2022-04-28 18:46:59.428066384+00:00,run1_set6
22.832159,991.9547,4090.6467,510.0265,-29.028522,200.2838134765625,2022-04-29 01:23:14.647291052+00:00,run1_set6
51.291676,1205.833,3920.8916,129.75699,263.4283,-131.298828125,2022-04-29 04:06:28.457146580+00:00,run1_set6
124.578674,2722.1213,8980.125,205.6088,304.63318,491.23504638671875,2022-04-29 12:00:30.413144684+00:00,run1_set6
4.3014064,92.44345,361.7707,339.5974,-347.32693,-314.0618896484375,2022-04-29 12:23:04.265008228+00:00,run1_set6
10.48537,635.38715,2259.3755,86.868996,458.32874,186.4599609375,2022-04-29 14:25:18.555943740+00:00,run1_set6
93.74345,2015.1422,7039.2266,-220.26509,-317.12885,60.88555908203125,2022-04-29 17:47:02.654244804+00:00,run1_set6
74.306305,1817.4928,6748.742,84.13487,-436.9392,288.8787536621094,2022-04-29 19:24:38.951739276+00:00,run1_set6
74.308266,1015.0075,3603.6848,136.31648,191.06677,427.9633483886719,2022-04-29 22:22:39.055588576+00:00,run1_set6
20.129328,904.2694,3048.819,-334.6957,-66.478874,-340.37652587890625,2022-04-30 00:16:20.174473760+00:00,run1_set6
8.451646,488.4311,1725.9438,-47.04427,-204.38342,220.2354736328125,2022-04-30 03:57:06.483302668+00:00,run1_set6
88.975334,2271.1082,7550.679,-140.97932,424.60504,-247.22784423828125,2022-04-30 08:20:20.323218304+00:00,run1_set6
104.53859,2804.717,10488.472,20.736315,-503.27594,337.7384338378906,2022-04-30 10:15:21.446378004+00:00,run1_set6
51.615936,1444.2333,4913.4346,-342.77423,-273.75922,490.94378662109375,2022-04-30 13:11:54.377181172+00:00,run1_set6
107.26068,2740.153,8099.222,60.26166,259.4242,-5.0242919921875,2022-04-30 13:59:52.862338648+00:00,run1_set6
92.005035,1678.4745,5332.669,217.00552,295.81406,243.3126220703125,2022-04-30 15:32:35.403519487+00:00,run1_set6
99.54177,2006.2006,8062.983,402.1953,-295.38867,-84.197998046875,2022-04-30 17:42:15.013811440+00:00,run1_set6
97.58084,1618.4784,4645.6807,-231.00203,284.37082,-382.58197021484375,2022-04-30 17:43:16.709597320+00:00,run1_set6
68.11794,1475.7402,5454.429,34.338566,458.87967,94.02252197265625,2022-04-30 20:35:41.524179068+00:00,run1_set6
113.458786,2211.506,7374.295,75.7994,-149.64784,101.38818359375,2022-04-30 20:36:54.503102536+00:00,run1_set6
56.09046,1540.1531,4805.195,363.49146,212.19673,-143.25189208984375,2022-04-30 23:26:49.696717880+00:00,run1_set6
3.0014284,446.64685,1945.8853,-270.577,277.8067,328.423583984375,2022-05-01 00:16:20.229885088+00:00,run1_set6
32.950565,1054.2007,3819.818,-348.44083,269.0965,-178.38848876953125,2022-05-01 04:05:51.130452748+00:00,run1_set6
22.400473,1148.162,3804.7886,319.07162,-203.2418,-417.29296875,2022-05-01 07:53:54.710459524+00:00,run1_set6
32.18349,1265.9957,3596.7542,-398.90482,53.215855,-274.819580078125,2022-05-01 15:48:40.151170076+00:00,run1_set6
9.770963,595.1651,1820.516,441.75778,-84.44593,75.5272216796875,2022-05-01 19:22:37.066824452+00:00,run1_set6
20.950615,862.9415,2904.0234,58.693764,-102.09078,-441.4398193359375,2022-05-01 19:53:13.825579004+00:00,run1_set6
27.412165,1070.9478,3634.414,28.739105,-40.515465,333.6103210449219,2022-05-01 20:06:43.712082772+00:00,run1_set6
59.338253,1755.592,5598.8936,-398.6925,-77.01323,381.8818664550781,2022-05-01 21:47:28.750287396+00:00,run1_set6
109.92936,2680.0957,7267.5254,453.81335,130.05008,-327.53289794921875,2022-05-02 00:42:35.071153488+00:00,run1_set6
90.96321,1996.4116,5705.97,-242.79678,137.77086,169.34814453125,2022-05-02 02:30:59.331433072+00:00,run1_set6
8.052079,539.53046,1904.159,-279.76892,-265.6668,122.65609741210938,2022-05-02 05:28:01.703581212+00:00,run1_set6
4.559242,509.75732,1695.989,-345.10117,238.24422,-452.1942138671875,2022-05-02 05:43:21.727647864+00:00,run1_set6
45.451714,1235.2224,4634.2417,133.76013,-395.4221,182.354248046875,2022-05-02 11:56:57.393428764+00:00,run1_set6
130.02739,2887.3203,8671.509,-336.47946,-284.6884,-466.4383544921875,2022-05-02 12:55:30.026103792+00:00,run1_set6
80.83315,1616.9628,5715.669,376.2877,-98.05825,-78.9775390625,2022-05-02 23:21:09.427754548+00:00,run1_set6
8.290082,547.9368,1862.8417,-284.59763,-230.35222,-356.96185302734375,2022-05-03 15:36:05.964212708+00:00,run1_set6
68.84199,1716.7166,5109.555,-264.20456,9.367031,70.6373291015625,2022-05-03 16:23:55.358127487+00:00,run1_set6
25.469315,831.94556,3165.4956,-110.84174,-404.24353,358.631103515625,2022-05-03 18:43:50.035630840+00:00,run1_set6
104.595436,1775.251,6143.9116,85.29324,393.29288,490.7589111328125,2022-05-03 22:33:16.704694236+00:00,run1_set6
38.90504,1002.447,3639.0818,-6.3590617,-167.73376,-240.7696533203125,2022-05-03 22:42:21.191213224+00:00,run1_set6
10.896351,708.55927,2297.9563,-340.03687,-274.4067,-83.51458740234375,2022-05-04 00:00:11.048985404+00:00,run1_set6
12.564294,883.02454,2876.5078,280.86444,159.53012,-208.2935791015625,2022-05-04 00:20:36.514777504+00:00,run1_set6
61.09392,1586.6884,5625.4976,307.22205,-156.35918,-41.3931884765625,2022-05-04 05:32:08.247363864+00:00,run1_set6
26.09581,1252.372,4798.6196,-479.07568,7.5836234,371.46356201171875,2022-05-04 11:08:23.148141244+00:00,run1_set6
111.89326,2168.4148,7698.1973,82.04326,416.8633,378.56591796875,2022-05-04 13:54:59.246594848+00:00,run1_set6
22.796228,945.73114,2931.4106,493.3359,133.81879,-314.2523193359375,2022-05-04 16:39:58.549612280+00:00,run1_set6
51.83933,1207.4327,4928.205,354.79892,-308.71295,205.06170654296875,2022-05-04 18:38:31.636747800+00:00,run1_set6
104.03889,2131.909,7173.5386,-119.89873,-412.69855,-223.377685546875,2022-05-04 18:42:55.681672248+00:00,run1_set6
60.27401,1369.7924,4948.3022,-105.74443,-386.19046,194.26248168945312,2022-05-04 21:25:30.401784428+00:00,run1_set6
103.78933,1788.1884,6391.691,-162.40123,-387.65164,-412.5150146484375,2022-05-04 21:57:14.207026672+00:00,run1_set6
131.6345,2184.5278,7747.974,-62.287197,-242.09293,481.2704162597656,2022-05-04 22:44:20.724266212+00:00,run1_set6
30.919596,1454.6095,5229.8257,-94.43403,428.38483,-225.338134765625,2022-05-04 23:14:12.711755620+00:00,run1_set6
107.79511,2678.7861,7858.2427,313.37726,-162.04413,-317.3162841796875,2022-05-05 00:36:47.915557984+00:00,run1_set6
82.087524,2224.697,6925.3726,-51.659866,335.29562,-68.1895751953125,2022-05-05 01:38:30.225723704+00:00,run1_set6
126.45364,2491.189,7995.004,-152.90878,85.405914,7.89776611328125,2022-05-05 04:55:01.974765644+00:00,run1_set6
76.87934,1587.1427,5237.487,-42.017178,233.38329,336.6125793457031,2022-05-05 11:38:53.613393416+00:00,run1_set6
121.59474,1970.2037,6787.767,17.011362,81.74457,-478.9403076171875,2022-05-05 13:15:42.265458552+00:00,run1_set6
112.8975,2196.9558,7106.945,232.9711,-193.55862,-529.6763916015625,2022-05-05 13:16:02.486911484+00:00,run1_set6
117.47522,2082.992,7808.5293,495.06183,-44.87667,-296.24432373046875,2022-05-05 16:00:17.878560824+00:00,run1_set6
87.29059,1858.3549,5912.185,-308.67236,2.9613779,63.82061767578125,2022-05-05 17:01:20.537838412+00:00,run1_set6
100.73692,2329.9766,7824.49,-56.50257,-231.9699,-289.22039794921875,2022-05-05 23:01:28.055249956+00:00,run1_set6
117.12761,2589.1086,7958.319,48.03627,174.4438,-478.4024658203125,2022-05-06 00:48:44.866893820+00:00,run1_set6
81.09468,1291.7168,4742.9414,-44.496582,508.42355,427.15118408203125,2022-05-06 01:47:04.389479580+00:00,run1_set6
44.362217,1161.5372,4085.3276,-75.69091,-167.52057,-290.8839111328125,2022-05-06 07:04:32.595976836+00:00,run1_set6
74.59184,1868.1853,6412.3945,-179.26233,-309.4722,102.21719360351562,2022-05-06 08:29:08.603048248+00:00,run1_set6
15.885628,982.7939,3211.3674,-121.86475,343.7874,-182.83587646484375,2022-05-06 11:00:31.853052268+00:00,run1_set6
72.519,2175.2527,7062.3877,292.6006,132.96178,250.09011840820312,2022-05-06 23:08:33.497101652+00:00,run1_set6
122.95826,2730.8662,9290.944,280.0836,-15.068666,353.95404052734375,2022-05-07 00:02:27.795060048+00:00,run1_set6
98.4973,1783.5825,6282.972,-384.91187,38.899853,310.0290832519531,2022-05-07 01:19:17.901766776+00:00,run1_set6
6.189167,478.90344,1653.7686,203.27016,-34.707638,501.6253662109375,2022-05-07 04:56:43.065888960+00:00,run1_set6
72.01435,1737.4092,5518.786,-334.6942,-15.732506,-335.8115234375,2022-05-07 07:12:05.456520768+00:00,run1_set6
12.850944,810.20074,2818.72,-305.73743,-235.73193,-125.05340576171875,2022-05-07 07:15:44.510291840+00:00,run1_set6
70.840645,1029.6432,3766.3784,-403.62268,-250.06783,-19.54833984375,2022-05-07 07:35:26.814049804+00:00,run1_set6
73.3992,1558.4072,4837.874,121.634186,228.54437,-417.75225830078125,2022-05-07 12:48:18.681632196+00:00,run1_set6
66.035324,1174.828,3931.693,-458.74622,-43.15078,-359.6336669921875,2022-05-07 17:46:17.897671292+00:00,run1_set6
2.0917506,302.1936,1058.0946,-415.75613,-53.726234,-508.3187255859375,2022-05-07 19:04:48.574410432+00:00,run1_set6
29.789171,1104.7543,4341.316,209.41037,-336.18268,-105.0570068359375,2022-05-07 20:55:26.355458548+00:00,run1_set6
109.100746,2392.591,8039.098,69.34901,-331.38068,446.31304931640625,2022-05-07 23:38:49.279045900+00:00,run1_set6
121.08189,2486.0066,7711.4243,259.50116,85.000946,-383.08050537109375,2022-05-08 01:03:12.455932048+00:00,run1_set6
128.43268,2114.3699,6848.8916,122.107315,17.338001,174.68051147460938,2022-05-08 01:29:26.668537396+00:00,run1_set6
132.39465,2889.2546,9591.496,-425.53354,129.69733,490.4116516113281,2022-05-08 02:51:09.212688484+00:00,run1_set6
22.675686,903.0457,2792.2683,16.38354,-43.878418,469.9335021972656,2022-05-08 03:04:45.282057192+00:00,run1_set6
83.40701,1683.3236,5634.062,15.098525,-28.321161,-6.32940673828125,2022-05-08 05:15:34.929427152+00:00,run1_set6
79.018715,1795.9974,5979.481,-452.16318,43.62076,180.89788818359375,2022-05-08 15:58:20.749176500+00:00,run1_set6
100.83051,2674.9092,8194.623,-36.557354,-224.10205,-240.4671630859375,2022-05-09 00:07:12.835736148+00:00,run1_set6
93.9488,2159.3796,7114.1885,-88.0938,54.80394,-200.6534423828125,2022-05-09 00:40:20.608335088+00:00,run1_set6
13.568841,827.80786,2787.0876,-355.37604,-45.541267,100.15029907226562,2022-05-09 01:05:08.679586276+00:00,run1_set6
83.69978,1806.8748,6256.864,-32.88731,-146.9742,-213.00421142578125,2022-05-09 07:29:15.291963228+00:00,run1_set6
118.05746,1973.375,7396.1113,94.73599,-495.6321,157.899169921875,2022-05-09 07:49:09.836443660+00:00,run1_set6
42.777855,1238.0109,4861.7954,511.07565,73.4586,-98.27947998046875,2022-05-09 07:55:35.189649224+00:00,run1_set6
73.66354,1942.3424,5331.4336,-232.27809,193.13942,290.5311279296875,2022-05-09 08:03:17.359907612+00:00,run1_set6
68.305954,1713.9451,4933.7993,-90.44788,104.26418,-331.01690673828125,2022-05-09 10:15:05.892703376+00:00,run1_set6
69.369774,1846.9073,6069.8833,248.72726,3.3109438,-435.267333984375,2022-05-09 14:51:56.640262048+00:00,run1_set6
14.461006,569.3837,2041.3716,-25.26125,-423.27475,430.6351318359375,2022-05-09 19:10:00.902203340+00:00,run1_set6
14.235145,687.2057,2743.8723,184.10042,-409.28595,378.0281982421875,2022-05-09 22:57:07.387632884+00:00,run1_set6
4.0926485,247.03859,1132.1708,126.93568,-141.69969,448.59832763671875,2022-05-10 00:30:25.635613088+00:00,run1_set6
47.67901,1242.0408,3854.2869,-150.8678,-235.13452,185.82699584960938,2022-05-10 01:56:58.114297312+00:00,run1_set6
78.6792,2137.9414,7119.71,264.6413,-217.59752,191.52908325195312,2022-05-10 04:37:34.371965892+00:00,run1_set6
39.228466,1424.9003,4523.113,261.03647,299.88483,-549.0118408203125,2022-05-10 05:32:44.715216464+00:00,run1_set6
22.550835,816.72754,2650.21,98.33806,141.10544,-510.3687744140625,2022-05-10 05:46:07.224775452+00:00,run1_set6
79.60234,2105.7263,6831.549,307.69278,-349.06558,-198.659423828125,2022-05-10 17:39:04.150484484+00:00,run1_set6
84.91904,1764.0465,5356.3286,-79.47941,158.10417,-429.57086181640625,2022-05-11 00:03:28.990897512+00:00,run1_set6
31.216347,895.4547,3339.9539,-204.82812,-287.29138,-446.223388671875,2022-05-11 01:07:36.512460604+00:00,run1_set6
69.10811,1892.037,5754.1323,-55.44452,-70.439865,-276.5335693359375,2022-05-11 11:01:51.049629980+00:00,run1_set6
18.903316,741.4439,2226.5918,-143.84753,360.56738,-481.8753662109375,2022-05-11 12:34:41.806088964+00:00,run1_set6
107.01122,1765.2933,6563.5083,-146.10916,-461.51996,231.78521728515625,2022-05-11 13:04:05.839123108+00:00,run1_set6
2.8870652,518.63055,1906.4268,-298.6994,116.97887,477.64642333984375,2022-05-11 14:29:52.964804236+00:00,run1_set6
6.156729,734.88873,2842.7834,324.05255,-344.60266,-464.405029296875,2022-05-11 15:04:07.945274036+00:00,run1_set6
36.589176,822.311,3099.765,-45.5328,-260.43475,-84.64605712890625,2022-05-11 20:12:27.525563032+00:00,run1_set6
99.2316,2973.583,9357.93,-195.43973,414.19537,-356.7825927734375,2022-05-11 22:34:14.921980108+00:00,run1_set6
27.024164,1246.3568,4664.8994,365.14328,36.130413,-370.04632568359375,2022-05-12 03:52:29.315820620+00:00,run1_set6
10.557855,513.0505,2012.7102,-75.84114,-336.42255,318.5877685546875,2022-05-12 03:55:02.765095648+00:00,run1_set6
120.450645,2413.1956,7606.8403,-52.776714,401.05072,8.4970703125,2022-05-12 04:21:52.703122872+00:00,run1_set6
59.819714,1678.6227,6029.96,105.88303,441.41415,-231.3594970703125,2022-05-12 07:37:23.393843084+00:00,run1_set6
55.710712,1020.7041,3537.118,-9.650862,-48.510437,211.19503784179688,2022-05-12 14:17:41.363365140+00:00,run1_set6
12.237128,504.52264,1908.7709,169.61922,-300.31796,-343.3956298828125,2022-05-12 14:25:11.323577132+00:00,run1_set6
118.87235,2770.792,8581.541,-83.94522,149.70335,221.83740234375,2022-05-12 17:25:55.857751240+00:00,run1_set6
83.42998,2031.7401,7161.0815,497.1726,82.93942,-185.546875,2022-05-12 18:08:39.906482012+00:00,run1_set6
24.090935,722.61957,2605.3694,433.07986,97.89443,217.70370483398438,2022-05-13 05:06:50.170553788+00:00,run1_set6
129.29434,2564.1865,8044.1187,-278.9812,278.64957,211.3350830078125,2022-05-13 06:28:18.900194452+00:00,run1_set6
95.646194,1961.7649,6585.6143,-69.56144,-218.10788,-177.755615234375,2022-05-13 10:32:13.748983124+00:00,run1_set6
113.17554,1688.4056,7576.065,497.64722,72.53634,228.83895874023438,2022-05-13 14:52:01.452834612+00:00,run1_set6
81.55563,1578.124,5825.5586,5.0323563,461.8524,-160.77252197265625,2022-05-13 22:16:34.215899136+00:00,run1_set6
121.18698,3623.3306,9732.627,-148.36066,257.47302,-253.81488037109375,2022-05-13 22:42:25.857603444+00:00,run1_set6
2.1805623,44.842846,207.62286,207.5967,-324.37173,-88.06842041015625,2022-05-13 23:38:03.551340252+00:00,run1_set6
22.053392,599.6675,2522.6045,-144.06017,471.17285,123.89398193359375,2022-05-14 02:19:29.462575168+00:00,run1_set6
53.393745,914.3195,2647.7566,-144.40302,268.0427,-227.21453857421875,2022-05-14 05:28:30.950271456+00:00,run1_set6
80.761406,2250.9084,7728.163,285.81534,95.8924,-406.3929443359375,2022-05-14 05:35:07.651932628+00:00,run1_set6
12.207919,767.0562,2616.5134,204.45802,170.87668,-373.5135498046875,2022-05-14 07:50:21.442006052+00:00,run1_set6
55.384544,1915.1453,6847.2144,388.4811,25.94101,326.9112243652344,2022-05-14 07:57:58.368594940+00:00,run1_set6
69.62854,1618.4408,5155.004,-46.19271,302.1471,124.52133178710938,2022-05-14 23:51:23.224940608+00:00,run1_set6
121.691475,2612.0647,8356.271,-240.9351,-191.21407,-411.42279052734375,2022-05-15 05:31:05.256266784+00:00,run1_set6
22.446125,941.2843,2688.8457,-147.10698,-10.388746,-359.40399169921875,2022-05-15 05:45:25.778710992+00:00,run1_set6
56.738426,1239.4891,4471.9507,40.65762,-181.5801,189.57986450195312,2022-05-15 06:35:33.701688592+00:00,run1_set6
77.10381,1843.4738,6075.0405,223.97935,-195.4873,-431.760986328125,2022-05-15 13:24:19.716776892+00:00,run1_set6
82.755,1990.8823,7677.306,443.42834,-232.7131,-106.3341064453125,2022-05-15 14:53:20.253188052+00:00,run1_set6
12.693623,697.63385,2121.932,-62.519146,-40.99387,69.6571044921875,2022-05-15 15:27:58.549002564+00:00,run1_set6
10.604245,546.83997,2192.9912,465.34485,-172.18756,-79.98577880859375,2022-05-15 16:13:12.939225236+00:00,run1_set6
106.56632,2296.2668,7105.861,214.3243,293.868,-346.582763671875,2022-05-15 22:30:39.483423584+00:00,run1_set6
